alpha,qw,q2,mmse,sols,qw_,q2_,mmse_
0.0001,0.0,8.881891508497534e-05,0.9999111810849153,[0.0],nan,nan,nan
0.0250995,0.0,0.02300921807175878,0.9769907819282414,[0.0],nan,nan,nan
0.050099000000000005,0.0,0.04722391105340405,0.9527760889465962,[0.0],nan,nan,nan
0.0750985,0.0,0.07250484082671281,0.9274951591732874,[0.0],nan,nan,nan
0.100098,0.0,0.09857296092572987,0.9014270390742704,[0.0],nan,nan,nan
0.1250975,0.0,0.12509371074656736,0.8749062892534328,[0.0],nan,nan,nan
0.15009699999999998,0.0,0.1517578331051441,0.8482421668948561,[0.0],nan,nan,nan
0.1750965,0.0,0.1782608869838267,0.8217391130161735,[0.0],nan,nan,nan
0.200096,0.0,0.20436267157410432,0.795637328425896,[0.0],nan,nan,nan
0.2250955,0.0,0.2298645136569716,0.7701354863430286,[0.0],nan,nan,nan
0.250095,0.0,0.25462733326391407,0.745372666736086,[0.0],nan,nan,nan
0.2750945,0.0,0.27854765275278665,0.7214523472472135,[0.0],nan,nan,nan
0.30009399999999997,0.0,0.30156546883772256,0.6984345311622776,[0.0],nan,nan,nan
0.3250935,0.0,0.32364539584420754,0.6763546041557925,[0.0],nan,nan,nan
0.350093,0.0,0.3447772793694301,0.65522272063057,[0.0],nan,nan,nan
0.3750925,0.0,0.3649663384879573,0.6350336615120428,[0.0],nan,nan,nan
0.400092,0.0,0.38423105390353085,0.6157689460964693,[0.0],nan,nan,nan
0.4250915,0.0,0.40259776913662154,0.5974022308633785,[0.0],nan,nan,nan
0.450091,0.0,0.4200991965705174,0.5799008034294827,[0.0],nan,nan,nan
0.4750905,0.0,0.4367715703937412,0.563228429606259,[0.0],nan,nan,nan
0.50009,0.0,0.4526527488296576,0.5473472511703424,[0.0],nan,nan,nan
0.5250895,0.0,0.46778205652926436,0.5322179434707358,[0.0],nan,nan,nan
0.550089,0.0,0.4821982644185744,0.5178017355814257,[0.0],nan,nan,nan
0.5750885,0.0,0.4959394416901966,0.5040605583098036,[0.0],nan,nan,nan
0.600088,0.014081987723225673,0.509130948712816,0.49086905128718417,"[0.0, 0.014081987723225673]",nan,nan,nan
0.6250875,0.035457672605609475,0.5220719639696582,0.47792803603034195,"[0.0, 0.035457672605609475]",nan,nan,nan
0.650087,0.05362303576807641,0.5346184229153386,0.46538157708466155,"[0.0, 0.05362303576807641]",nan,nan,nan
0.6750865,0.0693916690233331,0.5466819343669459,0.4533180656330542,"[0.0, 0.0693916690233331]",nan,nan,nan
0.700086,0.08329956645990053,0.5582316598034547,0.44176834019654543,"[0.0, 0.08329956645990053]",nan,nan,nan
0.7250855,0.09571967517033073,0.5692655740492752,0.43073442595072486,"[0.0, 0.09571967517033073]",nan,nan,nan
0.750085,0.10692279331804236,0.5797965861215342,0.42020341387846594,"[0.0, 0.10692279331804236]",nan,nan,nan
0.7750845000000001,0.11711208702373016,0.589845102842121,0.4101548971578791,"[0.0, 0.11711208702373016]",nan,nan,nan
0.800084,0.12644398287140068,0.5994349109824919,0.4005650890175082,"[0.0, 0.12644398287140068]",nan,nan,nan
0.8250835,0.13504153162529967,0.6085909146937559,0.3914090853062442,"[0.0, 0.13504153162529967]",nan,nan,nan
0.850083,0.14300339603629236,0.6173380009003933,0.38266199909960685,"[0.0, 0.14300339603629236]",nan,nan,nan
0.8750825,0.15040990933918422,0.6257003277678087,0.37429967223219135,"[0.0, 0.15040990933918422]",nan,nan,nan
0.900082,0.15732733042734395,0.6337009196898401,0.36629908031015995,"[0.0, 0.15732733042734395]",nan,nan,nan
0.9250815,0.1638109140386615,0.6413614554848805,0.3586385445151195,"[0.0, 0.1638109140386615]",nan,nan,nan
0.9500810000000001,0.16990725899350034,0.6487022774460216,0.35129772255397845,"[0.0, 0.16990725899350034]",nan,nan,nan
0.9750805,0.17565602528448024,0.6557423981942795,0.34425760180572057,"[0.0, 0.17565602528448024]",nan,nan,nan
1.00008,0.18109123217357145,0.6624995298567989,0.3375004701432011,"[0.0, 0.18109123217357145]",nan,nan,nan
1.0250795,0.18624224913206083,0.6689901175990148,0.3310098824009852,"[0.0, 0.18624224913206083]",nan,nan,nan
1.050079,0.1911346167798285,0.6752294435065395,0.3247705564934606,"[0.0, 0.1911346167798285]",nan,nan,nan
1.0750785,0.19579069055767057,0.6812317207509769,0.3187682792490231,"[0.0, 0.19579069055767057]",nan,nan,nan
1.1000780000000001,0.2002301418714475,0.6870101648224436,0.31298983517755646,"[0.0, 0.2002301418714475]",nan,nan,nan
1.1250775,0.20447035601360436,0.6925770532849328,0.30742294671506726,"[0.0, 0.20447035601360436]",nan,nan,nan
1.150077,0.20852676639331785,0.6979437959580697,0.3020562040419304,"[0.0, 0.20852676639331785]",nan,nan,nan
1.1750765,0.21241314627749475,0.703121022857751,0.29687897714224903,"[0.0, 0.21241314627749475]",nan,nan,nan
1.200076,0.21614183509068613,0.7081186439082896,0.29188135609171045,"[0.0, 0.21614183509068613]",nan,nan,nan
1.2250755,0.21972392536323507,0.7129459010693937,0.28705409893060635,"[0.0, 0.21972392536323507]",nan,nan,nan
1.250075,0.22316941456730593,0.7176114098650316,0.2823885901349685,"[0.0, 0.22316941456730593]",nan,nan,nan
1.2750745,0.22648735026427652,0.7221232205590861,0.277876779440914,"[0.0, 0.22648735026427652]",nan,nan,nan
1.300074,0.22968594782978421,0.7264888661871817,0.2735111338128184,"[0.0, 0.22968594782978421]",nan,nan,nan
1.3250735,0.23277268690546155,0.7307154007214375,0.2692845992785626,"[0.0, 0.23277268690546155]",nan,nan,nan
1.350073,0.23575439108913102,0.7348094296894113,0.26519057031058874,"[0.0, 0.23575439108913102]",nan,nan,nan
1.3750725000000001,0.23863730011520395,0.738777143249837,0.26122285675016305,"[0.0, 0.23863730011520395]",nan,nan,nan
1.400072,0.24142713872386515,0.7426243552988433,0.25737564470115676,"[0.0, 0.24142713872386515]",nan,nan,nan
1.4250715,0.24412917071582355,0.7463565309230525,0.2536434690769475,"[0.0, 0.24412917071582355]",nan,nan,nan
1.450071,0.24674824525355002,0.7499788103453685,0.25002118965463155,"[0.0, 0.24674824525355002]",nan,nan,nan
1.4750705,0.249288834763553,0.7534960272512194,0.2465039727487806,"[0.0, 0.249288834763553]",nan,nan,nan
1.50007,0.25175507509505274,0.7569127352745231,0.24308726472547698,"[0.0, 0.25175507509505274]",nan,nan,nan
1.5250695,0.2541507994481963,0.7602332301050003,0.23976676989499973,"[0.0, 0.2541507994481963]",nan,nan,nan
1.5500690000000001,0.25647956623399254,0.7634615667624797,0.23653843323752038,"[0.0, 0.25647956623399254]",nan,nan,nan
1.5750685,0.2587446828340313,0.7666015741111165,0.23339842588888354,"[0.0, 0.2587446828340313]",nan,nan,nan
1.600068,0.2609492266289183,0.7696568683112655,0.2303431316887346,"[0.0, 0.2609492266289183]",nan,nan,nan
1.6250675,0.2630960681003969,0.7726308711001734,0.2273691288998267,"[0.0, 0.2630960681003969]",nan,nan,nan
1.650067,0.2651878887658097,0.7755268228714571,0.22447317712854292,"[0.0, 0.2651878887658097]",nan,nan,nan
1.6750665,0.26722719676360107,0.7783477940596245,0.22165220594037555,"[0.0, 0.26722719676360107]",nan,nan,nan
1.700066,0.2692163395685436,0.7810966938631472,0.21890330613685288,"[0.0, 0.2692163395685436]",nan,nan,nan
1.7250655000000001,0.2711575174797031,0.7837762812266125,0.21622371877338759,"[0.0, 0.2711575174797031]",nan,nan,nan
1.750065,0.27305279679542244,0.7863891763566434,0.21361082364335665,"[0.0, 0.27305279679542244]",nan,nan,nan
1.7750645,0.27490412012221466,0.7889378691522408,0.2110621308477592,"[0.0, 0.27490412012221466]",nan,nan,nan
1.800064,0.2767133154806823,0.7914247266708592,0.2085752733291409,"[0.0, 0.2767133154806823]",nan,nan,nan
1.8250635,0.2784821036980628,0.7938519988953334,0.20614800110466663,"[0.0, 0.2784821036980628]",nan,nan,nan
1.850063,0.28021210751253706,0.7962218273989211,0.20377817260107894,"[0.0, 0.28021210751253706]",nan,nan,nan
1.8750625,0.28190485919229663,0.7985362524761885,0.20146374752381152,"[0.0, 0.28190485919229663]",nan,nan,nan
1.9000620000000001,0.2835618068895501,0.8007972189038555,0.1992027810961446,"[0.0, 0.2835618068895501]",nan,nan,nan
1.9250615,0.2851843200615933,0.8030065807663846,0.1969934192336154,"[0.0, 0.2851843200615933]",nan,nan,nan
1.950061,0.28677369431985483,0.8051661058649514,0.19483389413504865,"[0.0, 0.28677369431985483]",nan,nan,nan
1.9750605,0.2883311574766776,0.8072774820531576,0.19272251794684242,"[0.0, 0.2883311574766776]",nan,nan,nan
2.0000600000000004,0.28985787422555,0.8093423218425302,0.19065767815746987,"[0.0, 0.28985787422555]",nan,nan,nan
2.0250595000000002,0.29135495021564595,0.8113621664409775,0.18863783355902258,"[0.0, 0.29135495021564595]",nan,nan,nan
2.050059,0.2928234352598185,0.8133384888733705,0.18666151112662957,"[0.0, 0.2928234352598185]",nan,nan,nan
2.0750585000000004,0.2942643269359218,0.8152726976577938,0.18472730234220627,"[0.0, 0.2942643269359218]",nan,nan,nan
2.100058,0.2956785745479207,0.8171661411785293,0.18283385882147077,"[0.0, 0.2956785745479207]",nan,nan,nan
2.1250575000000005,0.2970670820640808,0.8190201108410037,0.18097988915899635,"[0.0, 0.2970670820640808]",nan,nan,nan
2.1500570000000003,0.29843071086119205,0.8208358439241212,0.1791641560758788,"[0.0, 0.29843071086119205]",nan,nan,nan
2.1750565,0.2997702817158523,0.822614525684386,0.17738547431561405,"[0.0, 0.2997702817158523]",nan,nan,nan
2.2000560000000005,0.3010865775234315,0.8243572924220771,0.1756427075779229,"[0.0, 0.3010865775234315]",nan,nan,nan
2.2250555000000003,0.30238034591345453,0.826065234446971,0.17393476555302903,"[0.0, 0.30238034591345453]",nan,nan,nan
2.250055,0.3036523011891835,0.8277393983360605,0.17226060166393956,"[0.0, 0.3036523011891835]",nan,nan,nan
2.2750545000000004,0.30490312618879345,0.8293807889463032,0.17061921105369685,"[0.0, 0.30490312618879345]",nan,nan,nan
2.3000540000000003,0.3061334735854462,0.8309903709437578,0.1690096290562422,"[0.0, 0.3061334735854462]",nan,nan,nan
2.3250535,0.3073439680111282,0.8325690712872196,0.16743092871278045,"[0.0, 0.3073439680111282, 0.9513428690545771, 0.9652915042991469]",0.9652915042991469,0.9485624750172926,0.051437524982707386
2.3500530000000004,0.3085352077285141,0.8341177812542332,0.16588221874576684,"[0.0, 0.3085352077285141, 0.941828246801118, 0.9721662561131408]",0.9721662561131408,0.9566316672282674,0.04336833277173258
2.3750525000000002,0.3097077660329836,0.8356373581050611,0.1643626418949389,"[0.0, 0.3097077660329836, 0.935456956747398, 0.9759417847619051]",0.9759417847619051,0.9614431916289818,0.038556808371018166
2.400052,0.3108621924580964,0.8371286264931048,0.1628713735068952,"[0.0, 0.3108621924580964, 0.9301844528384221, 0.9786723780376025]",0.9786723780376025,0.9651019576691748,0.03489804233082517
2.4250515000000004,0.31199901375171557,0.8385923796843207,0.16140762031567937,"[0.0, 0.31199901375171557, 0.9255389442987879, 0.9808182365750779]",0.9808182365750779,0.968087739119821,0.03191226088017896
2.450051,0.3131187354802455,0.8400293814874921,0.15997061851250796,"[0.0, 0.3131187354802455, 0.9213187997654744, 0.9825889868810809]",0.9825889868810809,0.9706275197170546,0.029372480282945375
2.4750505000000005,0.3142218431178837,0.8414403676793532,0.15855963232064688,"[0.0, 0.3142218431178837, 0.9174144728591493, 0.9840888824648203]",0.9840888824648203,0.9728344199392538,0.027165580060746215
2.5000500000000003,0.3153088031161015,0.8428260472528535,0.15717395274714654,"[0.0, 0.3153088031161015, 0.9137580540867725, 0.9853826830928629]",0.9853826830928629,0.9747803385379857,0.02521966146201427
2.5250495,0.31638006361979254,0.8441871034026732,0.1558128965973268,"[0.0, 0.31638006361979254, 0.9103055406485575, 0.9865164826574512]",0.9865164826574512,0.97651864553339,0.023481354466610045
2.5500490000000005,0.3174360553513885,0.8455241945601878,0.15447580543981224,"[0.0, 0.3174360553513885, 0.9070241067090312, 0.9875198311494067]",0.9875198311494067,0.9780833802534108,0.02191661974658921
2.5750485000000003,0.318477192679368,0.8468379558466348,0.15316204415336523,"[0.0, 0.318477192679368, 0.9038912047216551, 0.9884153649031393]",0.9884153649031393,0.9795014493661414,0.02049855063385864
2.600048,0.3195038744930591,0.8481290001141094,0.15187099988589062,"[0.0, 0.3195038744930591, 0.900887138133334, 0.9892204513668771]",0.9892204513668771,0.9807939768344393,0.019206023165560752
2.6250475000000004,0.3205164848692056,0.8493979188861045,0.15060208111389553,"[0.0, 0.3205164848692056, 0.8979985097944357, 0.9899489457972903]",0.9899489457972903,0.9819782831376743,0.01802171686232568
2.6500470000000003,0.3215153936517115,0.8506452830596879,0.14935471694031213,"[0.0, 0.3215153936517115, 0.8952137583918065, 0.9906092495632215]",0.9906092495632215,0.9830640931670462,0.016935906832953766
2.6750465,0.3225009570888453,0.8518716437954725,0.1481283562045275,"[0.0, 0.3225009570888453, 0.8925222595888025, 0.9912138842064914]",0.9912138842064914,0.984068798141202,0.015931201858798042
2.7000460000000004,0.32347351868360874,0.853077533599988,0.14692246640001208,"[0.0, 0.32347351868360874, 0.8899170945445474, 0.9917637622939174]",0.9917637622939174,0.9849915271894795,0.015008472810520538
2.7250455000000002,0.32443340977585977,0.8542634671059477,0.14573653289405233,"[0.0, 0.32443340977585977, 0.887390936583505, 0.9922705257321853]",0.9922705257321853,0.9858494769699725,0.01415052303002751
2.7500450000000005,0.3253809500576362,0.8554299417873951,0.14457005821260496,"[0.0, 0.3253809500576362, 0.884938792590529, 0.9927378485246227]",0.9927378485246227,0.9866472270586139,0.013352772941386152
2.7750445000000004,0.32631612449100655,0.8565774323519445,0.14342256764805553,"[0.0, 0.32631612449100655, 0.8825540088868083, 0.9931687417934341]",0.9931687417934341,0.9873884714108724,0.012611528589127622
2.800044,0.3272382196886678,0.8577063851125744,0.14229361488742567,"[0.0, 0.3272382196886678, 0.8802326413717314, 0.9935669277763047]",0.9935669277763047,0.9880783461038297,0.011921653896170285
2.8250435000000005,0.328147477697264,0.8588172500650487,0.1411827499349513,"[0.0, 0.328147477697264, 0.8779715140509647, 0.9939389040109278]",0.9939389040109278,0.9887270983315143,0.011272901668485715
2.8500430000000003,0.32904420612882707,0.8599104640973049,0.14008953590269516,"[0.0, 0.32904420612882707, 0.8757668270913188, 0.9942856474229528]",0.9942856474229528,0.9893357097220613,0.010664290277938695
2.8750425,0.32992870226604626,0.860986450077225,0.13901354992277506,"[0.0, 0.32992870226604626, 0.8736154499513881, 0.9946082572929246]",0.9946082572929246,0.9899054073589708,0.01009459264102919
2.9000420000000005,0.3308012533287055,0.8620456172408567,0.13795438275914332,"[0.0, 0.3308012533287055, 0.871514888652004, 0.9949074511234504]",0.9949074511234504,0.9904367933318259,0.00956320666817412
2.9250415000000003,0.3316621370083259,0.8630883618498606,0.13691163815013943,"[0.0, 0.3316621370083259, 0.8694621357981005, 0.9951905913825069]",0.9951905913825069,0.9909423306648891,0.009057669335110876
2.950041,0.3325116219731423,0.8641150677949423,0.13588493220505773,"[0.0, 0.3325116219731423, 0.8674540224337723, 0.9954528030737968]",0.9954528030737968,0.9914129579170493,0.008587042082950693
2.9750405000000004,0.3333499681877758,0.8651261070662623,0.13487389293373778,"[0.0, 0.3333499681877758, 0.8654886447408988, 0.9956988032763536]",0.9956988032763536,0.9918566139453727,0.008143386054627279
3.0000400000000003,0.33417742730223016,0.8661218401747629,0.13387815982523713,"[0.0, 0.33417742730223016, 0.8635655124003169, 0.9959294142519597]",0.9959294142519597,0.9922744305840056,0.0077255694159944505
3.0250395,0.33499424283390733,0.8671026164568634,0.13289738354313665,"[0.0, 0.33499424283390733, 0.8616832604768271, 0.9961455907708228]",0.9961455907708228,0.9926678015475953,0.0073321984524047385
3.0500390000000004,0.33580065062183406,0.868068774626263,0.13193122537373705,"[0.0, 0.33580065062183406, 0.8598364297758236, 0.9963485289058116]",0.9963485289058116,0.9930386149102131,0.006961385089786944
3.0750385000000002,0.9965391728223438,0.9933883302978517,0.006611669702148328,"[0.0, 0.3365968791991255, 0.8580274257665512, 0.9965391728223438]",0.3365968791991255,0.8690206432283742,0.13097935677162578
3.1000380000000005,0.9967183522345618,0.9937182413075778,0.006281758692422203,"[0.0, 0.3373831500318655, 0.8562537678607872, 0.9967183522345618]",0.3373831500318655,0.869958541011883,0.13004145898811706
3.1250375000000004,0.9968869072568917,0.9940296901206179,0.005970309879382076,"[0.0, 0.3381596778144146, 0.8545116322164744, 0.9968869072568917]",0.3381596778144146,0.8708827772499816,0.12911722275001838
3.150037,0.9970456003542378,0.9943239043888102,0.0056760956111897585,"[0.0, 0.33892667062254805, 0.8528050687066989, 0.9970456003542378]",0.33892667062254805,0.8717936519909038,0.12820634800909628
3.1750365000000005,0.9971951253099346,0.9946020096216937,0.005397990378306351,"[0.0, 0.3396843302632726, 0.8511259395148558, 0.9971951253099346]",0.3396843302632726,0.8726914565141772,0.1273085434858228
3.2000360000000003,0.9973361150043525,0.9948650400401582,0.0051349599598418125,"[0.0, 0.3404328525780871, 0.8494808021977555, 0.9973361150043525]",0.3404328525780871,0.8735764736783135,0.12642352632168655
3.2250355,0.9974691481694407,0.9951139480872231,0.004886051912776913,"[0.0, 0.3411724276212299, 0.8478605939511991, 0.9974691481694407]",0.3411724276212299,0.8744489782171809,0.1255510217828191
3.2500350000000005,0.997594755075414,0.9953496124170517,0.004650387582948335,"[0.0, 0.34190323986208865, 0.8462724413376018, 0.997594755075414]",0.34190323986208865,0.8753092369842349,0.12469076301576512
3.2750345000000003,0.9977134227190863,0.9955728453427192,0.0044271546572808304,"[0.0, 0.3426254683536928, 0.8447078316626727, 0.9977134227190863]",0.3426254683536928,0.8761575091674693,0.12384249083253077
3.300034,0.9978255990501289,0.9957843988147117,0.004215601185288299,"[0.0, 0.34333928697996074, 0.8431720634679891, 0.9978255990501289]",0.34333928697996074,0.8769940466615119,0.1230059533384881
3.3250335000000004,0.9979316968538966,0.9959849700300424,0.004015029969957618,"[0.0, 0.3440448646935214, 0.8416614897825191, 0.9979316968538966]",0.3440448646935214,0.8778190943380273,0.12218090566197273
3.3500330000000003,0.998032097270499,0.9961752065958118,0.003824793404188177,"[0.0, 0.34474236569160605, 0.8401729780509952, 0.998032097270499]",0.34474236569160605,0.8786328902845468,0.1213671097154532
3.3750325000000005,0.998127152765634,0.9963557108634674,0.0036442891365325867,"[0.0, 0.3454319495145942, 0.8387124599765858, 0.998127152765634]",0.3454319495145942,0.8794356659899049,0.12056433401009517
3.4000320000000004,0.9982171897526485,0.9965270437760784,0.0034729562239216314,"[0.0, 0.34611377121580955, 0.8372710202624398, 0.9982171897526485]",0.34611377121580955,0.8802276465329464,0.11977235346705364
3.4250315000000002,0.9983025108261226,0.9966897281268616,0.0033102718731383715,"[0.0, 0.34678798158768853, 0.8358540687246042, 0.9983025108261226]",0.34678798158768853,0.8810090508844598,0.11899094911554023
3.4500310000000005,0.9983833969121485,0.9968442517860049,0.003155748213995114,"[0.0, 0.34745472729073607, 0.8344609253128608, 0.9983833969121485]",0.34745472729073607,0.8817800921199912,0.11821990788000883
3.4750305000000004,0.9984601092278653,0.9969910706769481,0.0030089293230518574,"[0.0, 0.34811415102725285, 0.8330845003214834, 0.9984601092278653]",0.34811415102725285,0.8825409776134678,0.11745902238653219
3.50003,0.9985328909388247,0.997130611273813,0.002869388726187028,"[0.0, 0.3487663916336279, 0.8317315235545906, 0.9985328909388247]",0.3487663916336279,0.8832919091796102,0.11670809082038983
3.5250295000000005,0.9986019686597346,0.9972632728825959,0.0027367271174041368,"[0.0, 0.34941158417112334, 0.8304005029136918, 0.9986019686597346]",0.34941158417112334,0.8840330832402461,0.11596691675975393
3.5500290000000003,0.998667553769972,0.9973894296401328,0.0026105703598672263,"[0.0, 0.3500498601415945, 0.8290850946796485, 0.998667553769972]",0.3500498601415945,0.8847646910687789,0.11523530893122116
3.5750285,0.9987298435778129,0.9975094322855318,0.0024905677144682063,"[0.0, 0.3506813476117792, 0.8277893993463246, 0.9987298435778129]",0.3506813476117792,0.8854869189608798,0.1145130810391202
3.6000280000000004,0.9987890225079121,0.997623610031418,0.002376389968582027,"[0.0, 0.3513061712975895, 0.8265155649013435, 0.9987890225079121]",0.3513061712975895,0.8861999483911268,0.11380005160887322
3.6250275000000003,0.9988452631098009,0.9977322721407221,0.0022677278592778687,"[0.0, 0.35192445265826505, 0.8252583346923437, 0.9988452631098009]",0.35192445265826505,0.8869039561233033,0.11309604387669672
3.650027,0.9988987269587294,0.9978357093388103,0.0021642906611897277,"[0.0, 0.35253631001013325, 0.8240148365669198, 0.9988987269587294]",0.35253631001013325,0.8875991143589016,0.11240088564109843
3.6750265000000004,0.9989495654738145,0.9979341951034966,0.002065804896503432,"[0.0, 0.35314185865183334, 0.8227922888885599, 0.9989495654738145]",0.35314185865183334,0.888285590934817,0.11171440906518307
3.7000260000000003,0.9989979206305626,0.998027986783837,0.001972013216163027,"[0.0, 0.35374121096873384, 0.8215881542418693, 0.9989979206305626]",0.35374121096873384,0.8889635494577425,0.11103645054225755
3.7250255000000005,0.9990439256498729,0.9981173267022655,0.0018826732977345055,"[0.0, 0.3543344765447826, 0.8203983129099043, 0.9990439256498729]",0.3543344765447826,0.8896331494385793,0.11036685056142073
3.7500250000000004,0.9990877056636189,0.9982024432374748,0.0017975567625252435,"[0.0, 0.3549217621967863, 0.8192209660300365, 0.9990877056636189]",0.3549217621967863,0.8902945463740144,0.10970545362598563
3.7750245000000002,0.9991293782862947,0.9982835517484316,0.0017164482515683592,"[0.0, 0.3555031720611207, 0.8180628279595935, 0.9991293782862947]",0.3555031720611207,0.8909478918796092,0.10905210812039082
3.8000240000000005,0.9991690541370452,0.9983608554223355,0.0016391445776644535,"[0.0, 0.3560788077353201, 0.816921789478961, 0.9991690541370452]",0.3560788077353201,0.8915933338492461,0.10840666615075392
3.8250235000000004,0.9992068373160259,0.9984345460517882,0.0015654539482118372,"[0.0, 0.3566487683548814, 0.8157945732869372, 0.9992068373160259]",0.3566487683548814,0.8922310165683432,0.10776898343165678
3.850023,0.999242825820029,0.9985048047096815,0.0014951952903184966,"[0.0, 0.3572131506455523, 0.8146781283430754, 0.999242825820029]",0.3572131506455523,0.8928610808185861,0.10713891918141397
3.8750225000000005,0.9992771119704476,0.9985718024622859,0.00142819753771406,"[0.0, 0.35777204897950615, 0.8135767422527538, 0.9992771119704476]",0.35777204897950615,0.8934836639459168,0.1065163360540832
3.9000220000000003,0.9993097828034101,0.998635701021572,0.001364298978428047,"[0.0, 0.3583255554684041, 0.8124924011633271, 0.9993097828034101]",0.3583255554684041,0.8940988999781369,0.10590110002186318
3.9250215,0.999340920418144,0.9986966533275103,0.0013033466724896583,"[0.0, 0.35887376004663163, 0.8114224433962232, 0.999340920418144]",0.35887376004663163,0.8947069197537361,0.10529308024626396
3.9500210000000004,0.9993706022908938,0.9987548040732526,0.0012451959267474335,"[0.0, 0.3594167505295397, 0.8103643616518683, 0.9993706022908938]",0.3594167505295397,0.8953078510153896,0.10469214898461046
3.9750205000000003,0.9993989015688771,0.998810290200338,0.0011897097996620423,"[0.0, 0.35995461269038137, 0.8093158014116568, 0.9993989015688771]",0.35995461269038137,0.8959018184963966,0.10409818150360342
4.00002,0.9994258873276686,0.9988632413304269,0.0011367586695730794,"[0.0, 0.3604874302904135, 0.8082806411436777, 0.9994258873276686]",0.3604874302904135,0.896488943975044,0.10351105602495606
4.0250195,0.999451624844045,0.9989137802346083,0.001086219765391694,"[0.0, 0.3610152851385388, 0.8072609559717696, 0.999451624844045]",0.3610152851385388,0.897069346378614,0.10293065362138601
4.050019,0.9994761758369817,0.9989620232469926,0.0010379767530074304,"[0.0, 0.3615382571756747, 0.8062546692248618, 0.9994761758369817]",0.3615382571756747,0.8976431418883615,0.10235685811163855
4.0750185,0.9994995986852115,0.9990080806382658,0.0009919193617341506,"[0.0, 0.3620564245392146, 0.8052598276260925, 0.9994995986852115]",0.3620564245392146,0.8982104440175375,0.10178955598246256
4.1000179999999995,0.9995219486304202,0.9990520569663479,0.000947943033652088,"[0.0, 0.3625698636072251, 0.8042745656176185, 0.9995219486304202]",0.3625698636072251,0.8987713636823852,0.10122863631761483
4.1250175,0.9995432779599942,0.9990940513916475,0.0009059486083524695,"[0.0, 0.3630786490073395, 0.8032978142858441, 0.9995432779599942]",0.3630786490073395,0.8993260092463162,0.1006739907536838
4.150017,0.9995636361773186,0.9991341579721037,0.0008658420278963022,"[0.0, 0.36358285369709836, 0.8023345069302303, 0.9995636361773186]",0.36358285369709836,0.8998744866121251,0.10012551338787493
4.1750165,0.999583070178025,0.9991724659738285,0.0008275340261715283,"[0.0, 0.3640825490323527, 0.8013845737548452, 0.999583070178025]",0.3640825490323527,0.9004168993077597,0.09958310069224033
4.200016,0.9996016244046196,0.9992090601427658,0.0007909398572342188,"[0.0, 0.3645778048075267, 0.8004464499434877, 0.9996016244046196]",0.3645778048075267,0.9009533485515994,0.09904665144840066
4.2250155,0.9996193409894173,0.99924402095649,0.0007559790435099913,"[0.0, 0.36506868928183855, 0.7995186571805414, 0.9996193409894173]",0.36506868928183855,0.9014839333109671,0.09851606668903293
4.250015,0.9996362598870605,0.9992774248583407,0.0007225751416592986,"[0.0, 0.36555526921131215, 0.7985997839393784, 0.9996362598870605]",0.36555526921131215,0.9020087503390436,0.09799124966095643
4.2750145,0.9996524189945017,0.9993093444694068,0.0006906555305932206,"[0.0, 0.366037609912893, 0.7976884649669068, 0.9996524189945017]",0.366037609912893,0.90252789425604,0.09747210574396006
4.300014,0.9996678542653425,0.9993398487916973,0.0006601512083026507,"[0.0, 0.366515775311489, 0.7967863743774268, 0.9996678542653425]",0.366515775311489,0.9030414576195748,0.09695854238042526
4.3250135,0.9996825998270756,0.999369003419176,0.0006309965808239949,"[0.0, 0.3669898279660836, 0.7958967947373914, 0.9996825998270756]",0.3669898279660836,0.9035495309796728,0.0964504690203272
4.350013,0.9996966880839974,0.9993968707224485,0.000603129277551462,"[0.0, 0.36745982911276875, 0.7950185512243426, 0.9996966880839974]",0.36745982911276875,0.9040522029273558,0.09594779707264425
4.3750124999999995,0.9997101498123431,0.9994235100198269,0.0005764899801731228,"[0.0, 0.3679258386838886, 0.7941504929358172, 0.9997101498123431]",0.3679258386838886,0.9045495601257487,0.09545043987425131
4.400012,0.9997230142501217,0.9994489777394913,0.0005510222605087379,"[0.0, 0.36838791535921067, 0.7932915272243664, 0.9997230142501217]",0.36838791535921067,0.9050416873813842,0.09495831261861579
4.4250115,0.9997353091769454,0.999473327563289,0.0005266724367110066,"[0.0, 0.3688461165967199, 0.7924406076597682, 0.9997353091769454]",0.3688461165967199,0.9055286677022195,0.09447133229778051
4.450011,0.9997470609942494,0.9994966105726005,0.00050338942739947,"[0.0, 0.3693004986721597, 0.7915967236147621, 0.9997470609942494]",0.3693004986721597,0.9060105823444619,0.09398941765553817
4.4750105,0.9997582948034057,0.9995188753912282,0.0004811246087718103,"[0.0, 0.36975111671010563, 0.7907593083754391, 0.9997582948034057]",0.36975111671010563,0.9064875108528316,0.09351248914716838
4.50001,0.9997690344765672,0.9995401683149802,0.0004598316850198404,"[0.0, 0.3701980246959382, 0.78993204807928, 0.9997690344765672]",0.3701980246959382,0.9069595310872031,0.09304046891279695
4.5250095,0.9997793027213946,0.9995605334301156,0.0004394665698843615,"[0.0, 0.37064127551402726, 0.7891152998795739, 0.9997793027213946]",0.37064127551402726,0.9074267192850107,0.09257328071498928
4.550009,0.9997891211431973,0.9995800127275534,0.0004199872724466315,"[0.0, 0.3710809209843411, 0.7883081817993304, 0.9997891211431973]",0.3710809209843411,0.907889150109664,0.09211084989033604
4.5750085,0.9997985102996032,0.9995986462030741,0.00040135379692585193,"[0.0, 0.3715170118966921, 0.7875098588506771, 0.9997985102996032]",0.3715170118966921,0.908346896690448,0.09165310330955202
4.600008,0.9998074897570342,0.9996164719618379,0.00038352803816210656,"[0.0, 0.3719495980315311, 0.7867195353155259, 0.9998074897570342]",0.3719495980315311,0.9088000306558083,0.09119996934419174
4.6250075,0.9998160781450508,0.9996335263193551,0.0003664736806449077,"[0.0, 0.37237872816690026, 0.7859364479865941, 0.9998160781450508]",0.37237872816690026,0.9092486221566359,0.09075137784336408
4.650007,0.9998242932046016,0.9996498438909799,0.0003501561090201167,"[0.0, 0.3728044501139929, 0.785159860281754, 0.9998242932046016]",0.3728044501139929,0.9096927399207938,0.09030726007920621
4.6750065,0.9998321518342053,0.9996654576778602,0.0003345423221398081,"[0.0, 0.37322681075497943, 0.7843890560819907, 0.9998321518342053]",0.37322681075497943,0.9101324512938246,0.08986754870617543
4.700006,0.9998396701321258,0.9996803991454395,0.00031960085456050896,"[0.0, 0.37364585606702094, 0.7836242351221829, 0.9998396701321258]",0.37364585606702094,0.9105678222728808,0.08943217772711921
4.7250055,0.9998468634382649,0.9996946983018609,0.0003053016981391377,"[0.0, 0.3740616311382224, 0.7828685848120085, 0.9998468634382649]",0.3740616311382224,0.910998917534235,0.089001082465765
4.750005,0.9998537463696409,0.9997083837640538,0.0002916162359462016,"[0.0, 0.3744741801712147, 0.7821218803961857, 0.9998537463696409]",0.3744741801712147,0.9114258004548537,0.08857419954514635
4.7750045,0.9998603328615867,0.9997214828355736,0.0002785171644263951,"[0.0, 0.37488354652091527, 0.7813834877198069, 0.9998603328615867]",0.37488354652091527,0.9118485331588255,0.08815146684117449
4.8000039999999995,0.9998666362013893,0.9997340215697775,0.00026597843022246886,"[0.0, 0.37528977272461345, 0.7806528041100391, 0.9998666362013893]",0.37528977272461345,0.9122671765519309,0.08773282344806911
4.8250035,0.9998726690611882,0.9997460248318529,0.0002539751681470693,"[0.0, 0.3756929005218185, 0.7799292540841601, 0.9998726690611882]",0.3756929005218185,0.9126817903513013,0.08731820964869876
4.850003,0.9998784435288117,0.9997575163570371,0.00024248364296286523,"[0.0, 0.3760929708656389, 0.7792122855715196, 0.9998784435288117]",0.3760929708656389,0.9130924331080151,0.08690756689198488
4.8750025,0.9998839711340944,0.9997685188001212,0.0002314811998788136,"[0.0, 0.3764900239252441, 0.7785013666425479, 0.9998839711340944]",0.3764900239252441,0.9134991622257157,0.08650083777428431
4.900002,0.9998892628800897,0.9997790537949346,0.0002209462050654088,"[0.0, 0.37688409912408555, 0.7777959820115081, 0.9998892628800897]",0.37688409912408555,0.9139020340021843,0.08609796599781573
4.9250015,0.9998943292692891,0.9997891420041302,0.00021085799586983983,"[0.0, 0.37727523516277284, 0.7770956297996844, 0.9998943292692891]",0.37727523516277284,0.9143011036583145,0.0856988963416855
4.950001,0.9998991803296685,0.9997988031688295,0.00020119683117048043,"[0.0, 0.3776634700357136, 0.7763999362598584, 0.9998991803296685]",0.3776634700357136,0.9146964253633673,0.08530357463663275
4.9750005,0.9999038256358019,0.999808056148641,0.0001919438513590111,"[0.0, 0.37804884103949615, 0.7757112835932514, 0.9999038256358019]",0.37804884103949615,0.9150880522540242,0.08491194774597578
5.0,0.999908274334263,0.9998169189703854,0.00018308102961461795,"[0.0, 0.3784313847761408, 0.7750304202547489, 0.999908274334263]",0.3784313847761408,0.9154760364511434,0.08452396354885662
