alpha,q2,mmse
0.0001,8.269249912541492e-05,1.1665839741675414
0.0200995,0.017013791957087472,1.1496528747095796
0.040099,0.034671627408041,1.131995039258626
0.0600985,0.05296535087575848,1.1137013157909084
0.080098,0.07179136558411775,1.0948753010825492
0.1000975,0.09103053043109507,1.075636136235572
0.120097,0.11054539008064464,1.0561212765860222
0.14009649999999998,0.1301972925310491,1.036469374135618
0.160096,0.1498694009999399,1.016797265666727
0.1800955,0.16943534356010068,0.9972313231065663
0.200095,0.18879196827513653,0.9778746983915304
0.2200945,0.2078611891296114,0.9588054775370556
0.24009399999999997,0.22656573492960835,0.9401009317370586
0.2600935,0.2448561611763278,0.9218105054903392
0.280093,0.2626906274272616,0.9039760392394053
0.3000925,0.2800384527028928,0.8866282139637741
0.320092,0.2968824118798478,0.869784254786819
0.3400915,0.31320985358161024,0.8534568130850566
0.360091,0.3290172335916094,0.8376494330750575
0.3800905,0.3443054108393775,0.8223612558272894
0.40009,0.3590794311790963,0.8075872354875705
0.4200895,0.3733481138022416,0.7933185528644252
0.440089,0.3871223648958949,0.7795443017707719
0.4600885,0.40041504497116726,0.7662516216954997
0.48008799999999996,0.4132406121282257,0.7534260545384411
0.5000875,0.42561379725029147,0.7410528694163754
0.520087,0.437550727670896,0.7291159389957709
0.5400865,0.4490668197282135,0.7175998469384534
0.560086,0.4601785492432136,0.7064881174234533
0.5800855,0.4709013193344876,0.6957653473321793
0.600085,0.48125115324675083,0.685415513419916
0.6200845,0.4912429889676339,0.6754236776990329
0.640084,0.5008919773865943,0.6657746892800726
0.6600834999999999,0.5102122959837948,0.656454370682872
0.680083,0.5192180358924856,0.6474486307741812
0.7000824999999999,0.5279224438059523,0.6387442228607145
0.720082,0.5363384945216721,0.6303281721449947
0.7400815,0.544478427104194,0.6221882395624728
0.760081,0.5523541133204248,0.614312553346242
0.7800805,0.5599767724000182,0.6066898942666487
0.80008,0.5673572238316078,0.599309442835059
0.8200795,0.5745056963381827,0.5921609703284841
0.840079,0.5814320262802951,0.5852346403863717
0.8600785,0.588145505664114,0.5785211610025528
0.880078,0.59465506453151,0.5720116021351569
0.9000775,0.600969124790708,0.5656975418759589
0.920077,0.6070957882678967,0.5595708783987702
0.9400765,0.6130426786225821,0.5536239880440847
0.9600759999999999,0.618817145151843,0.5478495215148238
0.9800755,0.6244260856222745,0.5422405810443923
1.000075,0.6298761679648051,0.5367904987018617
1.0200745,0.6351736341185528,0.531493032548114
1.040074,0.6403245362007755,0.5263421304658913
1.0600735,0.6453345265545781,0.5213321401120887
1.080073,0.6502091009913006,0.5164575656753663
1.1000725,0.6549533839020072,0.5117132827646595
1.120072,0.6595723682377932,0.5070942984288735
1.1400715,0.6640707072186913,0.5025959594479754
1.160071,0.6684529385795457,0.4982137280871211
1.1800705,0.672723296109345,0.4939433705573218
1.20007,0.6768859050989001,0.4897807615677667
1.2200695,0.6809446260778154,0.48572204058885143
1.240069,0.6849032109723086,0.48176345569435824
1.2600685,0.6887651874260927,0.4779014792405741
1.280068,0.6925339699593529,0.4741326967073139
1.3000675,0.6962127883726322,0.47045387829403457
1.3200669999999999,0.6998047529085198,0.46686191375814695
1.3400665,0.7033128257849706,0.46335384088169623
1.360066,0.7067398434990521,0.45992682316761474
1.3800655,0.7100885267192375,0.4565781399474293
1.400065,0.7133614663314335,0.4533052003352333
1.4200645,0.7165611637936123,0.45010550287305445
1.440064,0.7196899902897099,0.44697667637695687
1.4600635,0.7227502472079956,0.44391641945867116
1.480063,0.725744109867709,0.4409225567989578
1.5000625,0.7286736959820328,0.437992970684634
1.520062,0.7315410067840598,0.43512565988260704
1.5400615,0.7343479907339358,0.43231867593273104
1.560061,0.7370964942127861,0.4295701724538807
1.5800605,0.7397883100954361,0.4268783565712307
1.60006,0.7424251460195757,0.42424152064709114
1.6200595,0.745008652585759,0.4216580140809078
1.640059,0.7475404121117212,0.4191262545549456
1.6600584999999999,0.7500219457636131,0.41664472090305366
1.680058,0.7524547215355701,0.41421194513109666
1.7000575,0.7548401435534191,0.4118265231132477
1.720057,0.7571795748129128,0.40948709185375404
1.7400565,0.7594743141687091,0.40719235249795765
1.760056,0.7617256271356598,0.40494103953100696
1.7800555,0.763934718410443,0.40273194825622377
1.800055,0.766102762561605,0.40056390410506176
1.8200545,0.768230880151026,0.39843578651564077
1.840054,0.7703201610894828,0.39634650557718404
1.8600535,0.7723716501163839,0.39429501655028293
1.880053,0.7743863589353428,0.392280307731324
1.9000525,0.7763652631902196,0.3903014034764472
1.9200519999999999,0.7783093029046831,0.38835736376198365
1.9400515,0.7802193900522296,0.3864472766144372
1.960051,0.7820963994732676,0.3845702671933992
1.9800505,0.7839411838289247,0.38272548283774205
2.00005,0.7857545591464494,0.38091210752021737
2.0200495000000003,0.7875373222925593,0.37912934437410745
2.0400490000000002,0.7892902364937877,0.3773764301728791
2.0600485,0.7910140460830564,0.37565262058361043
2.080048,0.7927094666217831,0.3739572000448837
2.1000475,0.7943771933721511,0.3722894732945157
2.120047,0.7960178983203959,0.37064876834627086
2.1400465000000004,0.7976322313411062,0.36903443532556063
2.1600460000000004,0.7992208240693895,0.36744584259727725
2.1800455000000003,0.8007842848005414,0.3658823818661254
2.2000450000000003,0.8023232073352983,0.3643434593313685
2.2200445,0.8038381622363198,0.36282850443034703
2.240044,0.8053297074371533,0.36133695922951353
2.2600435,0.8067983794620502,0.35986828720461655
2.280043,0.8082447022248297,0.3584219644418371
2.3000425,0.8096691813507728,0.356997485315894
2.3200420000000004,0.811072308786549,0.3555943578801178
2.3400415000000003,0.8124545617150378,0.35421210495162897
2.3600410000000003,0.8138164023805785,0.35285026428608823
2.3800405000000002,0.8151582814138644,0.35150838525280237
2.40004,0.8164806337622976,0.3501860329043691
2.4200395,0.8177838849316253,0.3488827817350414
2.440039,0.8190684450391864,0.34759822162748033
2.4600385,0.8203347155786364,0.3463319510880304
2.4800380000000004,0.8215830841677275,0.3450835824989392
2.5000375000000004,0.8228139294431749,0.34385273722349186
2.5200370000000003,0.8240276184140125,0.34263904825265423
2.5400365000000003,0.8252245082102937,0.34144215845637305
2.560036,0.8264049466763259,0.3402617199903408
2.5800355,0.827569270952786,0.33909739571388076
2.600035,0.8287178107954177,0.337948855871249
2.6200345,0.829850884986644,0.3368157816800227
2.640034,0.8309688059726331,0.3356978606940336
2.6600335000000004,0.8320718758290835,0.33459479083758326
2.6800330000000003,0.833160390378745,0.33350627628792173
2.7000325000000003,0.8342346364394104,0.3324320302272563
2.7200320000000002,0.8352948940243755,0.33137177264229123
2.7400315,0.8363414358034263,0.3303252308632404
2.760031,0.8373745269529955,0.3292921397136712
2.7800305,0.8383944268147798,0.3282722398518869
2.80003,0.8394013868210982,0.3272652798455685
2.8200295000000004,0.8403956535654379,0.32627101310122886
2.8400290000000004,0.841377465895624,0.32528920077104273
2.8600285000000003,0.8423470580966663,0.3243196085700004
2.8800280000000003,0.8433046575235614,0.3233620091431053
2.9000275,0.8442504866575623,0.32241618000910444
2.920027,0.8451847622154963,0.3214819044511704
2.9400265,0.8461076955115885,0.32055897115507825
2.960026,0.8470194932512911,0.31964717341537563
2.9800255,0.8479203563292411,0.3187463103374256
3.0000250000000004,0.8488104818758883,0.3178561847907785
3.0200245000000003,0.8496900611906456,0.31697660547602113
3.0400240000000003,0.8505592821311746,0.31610738453549214
3.0600235000000002,0.8514183272159218,0.31524833945074493
3.080023,0.8522673753530899,0.3143992913135768
3.1000225,0.8531066009383167,0.31356006572835005
3.120022,0.8539361743581634,0.31273049230850336
3.1400215,0.8547562623642684,0.31191040430239836
3.1600210000000004,0.8555670273463714,0.3110996393202954
3.1800205000000004,0.8563686287412386,0.3102980379254281
3.2000200000000003,0.8571612215385772,0.30950544512808953
3.2200195000000003,0.8579449580743135,0.30872170859235326
3.240019,0.8587199865479772,0.30794668011868953
3.2600185,0.8594864524097983,0.3071802142568685
3.280018,0.8602444975747019,0.30642216909196485
3.3000175,0.8609942609036491,0.3056724057630177
3.320017,0.8617358783924182,0.3049307882742486
3.3400165000000004,0.8624694826913799,0.30419718397528683
3.3600160000000003,0.8631952041239075,0.30347146254275925
3.3800155000000003,0.8639131695718285,0.30275349709483823
3.4000150000000002,0.8646235038393195,0.3020431628273472
3.4200145,0.8653263285011868,0.3013403381654799
3.440014,0.8660217629904321,0.30064490367623464
3.4600135,0.8667099239627887,0.29995674270387807
3.480013,0.8673909256937059,0.29927574097296084
3.5000125000000004,0.8680648801957579,0.29860178647090885
3.5200120000000004,0.8687318968670676,0.2979347697995991
3.5400115000000003,0.8693920832647909,0.29727458340187585
3.5600110000000003,0.8700455442439126,0.2966211224227542
3.5800105,0.870692383013264,0.2959742836534027
3.60001,0.8713327002396364,0.29533396642703036
3.6200095,0.871966594888692,0.29470007177797475
3.640009,0.8725941637364965,0.2940725029301703
3.6600085,0.8732155016637883,0.2934511650028785
3.6800080000000004,0.8738307017662574,0.2928359649004093
3.7000075000000003,0.874439855054739,0.29222681161192776
3.7200070000000003,0.8750430510799335,0.2916236155867332
3.7400065000000002,0.8756403772427918,0.291026289423875
3.760006,0.8762319196256976,0.29043474704096917
3.7800055,0.8768177622947209,0.2898489043719459
3.800005,0.8773979879413307,0.289268678725336
3.8200045,0.8779726775244382,0.28869398914222855
3.840004,0.8785419104668172,0.28812475619984956
3.8600035000000004,0.8791057647784238,0.2875609018882429
3.8800030000000003,0.8796643167824825,0.28700234988418427
3.9000025000000003,0.8802176416382864,0.2864490250283803
3.920002,0.8807658127755235,0.2859008538911433
3.9400015,0.8813089025558644,0.2853577641108024
3.960001,0.8818469817313308,0.28481968493533594
3.9800005,0.8823801199253467,0.28428654674132003
4.0,0.8829083853860231,0.2837582812806436
