alpha,qw,q2,mmse,sols,qw_,q2_,mmse_,q2_uni,mmse_uni
0.001,0.0,0.0008278329901162907,1.1658388336765508,[0.0],nan,nan,nan,0.0008278329901162907,1.1658388336765508
0.0109975,0.0,0.009213085088462589,1.1574535815782043,[0.0],nan,nan,nan,0.009213085088462589,1.1574535815782043
0.020995,0.0,0.017789535582678838,1.1488771310839883,[0.0],nan,nan,nan,0.017789535582678838,1.1488771310839883
0.0309925,0.0,0.026546790377111776,1.140119876289555,[0.0],nan,nan,nan,0.026546790377111776,1.140119876289555
0.04099,0.0,0.035473816951445664,1.1311928497152213,[0.0],nan,nan,nan,0.035473816951445664,1.1311928497152213
0.0509875,0.0,0.04455886416585046,1.1221078025008167,[0.0],nan,nan,nan,0.04455886416585046,1.1221078025008167
0.060985,0.0,0.05378937874236186,1.112877287924305,[0.0],nan,nan,nan,0.05378937874236186,1.112877287924305
0.0709825,0.0,0.06315191872312152,1.1035147479435454,[0.0],nan,nan,nan,0.06315191872312152,1.1035147479435454
0.08098,0.0,0.07263206441792444,1.0940346022487426,[0.0],nan,nan,nan,0.07263206441792444,1.0940346022487426
0.09097749999999999,0.0,0.0822143276044607,1.0844523390622063,[0.0],nan,nan,nan,0.0822143276044607,1.0844523390622063
0.100975,0.0,0.0918820600670516,1.0747846065996154,[0.0],nan,nan,nan,0.0918820600670516,1.0747846065996154
0.1109725,0.0,0.1016173629037076,1.0650493037629594,[0.0],nan,nan,nan,0.1016173629037076,1.0650493037629594
0.12097,0.0,0.11140121482290719,1.0552654518437596,[0.0],nan,nan,nan,0.11140121482290719,1.0552654518437596
0.1309675,0.0,0.12121733761608262,1.0454493290505842,[0.0],nan,nan,nan,0.12121733761608262,1.0454493290505842
0.140965,0.0,0.13105202341022432,1.0356146432564426,[0.0],nan,nan,nan,0.13105202341022432,1.0356146432564426
0.1509625,0.0,0.14089070887252916,1.0257759577941377,[0.0],nan,nan,nan,0.14089070887252916,1.0257759577941377
0.16096,0.0,0.15071780498025436,1.0159488616864127,[0.0],nan,nan,nan,0.15071780498025436,1.0159488616864127
0.17095749999999998,0.0,0.16051666450078325,1.0061500021658838,[0.0],nan,nan,nan,0.16051666450078325,1.0061500021658838
0.18095499999999998,0.0,0.17027206673384737,0.9963945999328196,[0.0],nan,nan,nan,0.17027206673384737,0.9963945999328196
0.1909525,0.0,0.1799741937086885,0.9866924729579785,[0.0],nan,nan,nan,0.1799741937086885,0.9866924729579785
0.20095,0.0,0.18961365432270516,0.9770530123439618,[0.0],nan,nan,nan,0.18961365432270516,0.9770530123439618
0.21094749999999998,0.0,0.19918055657933723,0.9674861100873298,[0.0],nan,nan,nan,0.19918055657933723,0.9674861100873298
0.220945,0.0,0.20866450498830572,0.9580021616783613,[0.0],nan,nan,nan,0.20866450498830572,0.9580021616783613
0.2309425,0.0,0.2180556908495338,0.9486109758171332,[0.0],nan,nan,nan,0.2180556908495338,0.9486109758171332
0.24094,0.0,0.22734811986367992,0.939318546802987,[0.0],nan,nan,nan,0.22734811986367992,0.939318546802987
0.2509375,0.0,0.23653665437217736,0.9301300122944895,[0.0],nan,nan,nan,0.23653665437217736,0.9301300122944895
0.260935,0.0,0.24561604513589805,0.9210506215307689,[0.0],nan,nan,nan,0.24561604513589805,0.9210506215307689
0.27093249999999997,0.0,0.2545809402869219,0.9120857263797449,[0.0],nan,nan,nan,0.2545809402869219,0.9120857263797449
0.28093,0.0,0.26342654198040766,0.9032401246862592,[0.0],nan,nan,nan,0.26342654198040766,0.9032401246862592
0.2909275,0.0,0.27215019056827217,0.8945164760983947,[0.0],nan,nan,nan,0.27215019056827217,0.8945164760983947
0.300925,0.0,0.280749759926886,0.8859169067397809,[0.0],nan,nan,nan,0.280749759926886,0.8859169067397809
0.3109225,0.0,0.2892232271400883,0.8774434395265786,[0.0],nan,nan,nan,0.2892232271400883,0.8774434395265786
0.32092,0.0,0.2975686846061645,0.8690979820605024,[0.0],nan,nan,nan,0.2975686846061645,0.8690979820605024
0.3309175,0.0,0.30578476247688396,0.8608819041897829,[0.0],nan,nan,nan,0.30578476247688396,0.8608819041897829
0.34091499999999997,0.0,0.31387101030205267,0.8527956563646142,[0.0],nan,nan,nan,0.31387101030205267,0.8527956563646142
0.35091249999999996,0.0,0.3218272453637161,0.8448394213029508,[0.0],nan,nan,nan,0.3218272453637161,0.8448394213029508
0.36090999999999995,0.0,0.32965347717313087,0.837013189493536,[0.0],nan,nan,nan,0.32965347717313087,0.837013189493536
0.3709075,0.0,0.33734991907475426,0.8293167475919127,[0.0],nan,nan,nan,0.33734991907475426,0.8293167475919127
0.380905,0.0,0.34491709239330703,0.8217495742733598,[0.0],nan,nan,nan,0.34491709239330703,0.8217495742733598
0.3909025,0.0,0.3523558046008797,0.8143108620657872,[0.0],nan,nan,nan,0.3523558046008797,0.8143108620657872
0.4009,0.0,0.3596670758419236,0.8069995908247433,[0.0],nan,nan,nan,0.3596670758419236,0.8069995908247433
0.41089749999999997,0.0,0.3668521381010279,0.799814528565639,[0.0],nan,nan,nan,0.3668521381010279,0.799814528565639
0.42089499999999996,0.0,0.3739123649918602,0.7927543016748066,[0.0],nan,nan,nan,0.3739123649918602,0.7927543016748066
0.43089249999999996,0.0,0.3808491167422782,0.7858175499243886,[0.0],nan,nan,nan,0.3808491167422782,0.7858175499243886
0.44089,0.0,0.3876639115402577,0.7790027551264092,[0.0],nan,nan,nan,0.3876639115402577,0.7790027551264092
0.4508875,0.0,0.39435846718629597,0.7723081994803709,[0.0],nan,nan,nan,0.39435846718629597,0.7723081994803709
0.460885,0.0,0.40093467528365084,0.765731991383016,[0.0],nan,nan,nan,0.40093467528365084,0.765731991383016
0.4708825,0.0,0.4073943075227125,0.7592723591439544,[0.0],nan,nan,nan,0.4073943075227125,0.7592723591439544
0.48088,0.0,0.41373910043318823,0.7529275662334786,[0.0],nan,nan,nan,0.41373910043318823,0.7529275662334786
0.49087749999999997,0.0,0.4199709628721047,0.7466957037945622,[0.0],nan,nan,nan,0.4199709628721047,0.7466957037945622
0.500875,0.0,0.4260919758100634,0.7405746908566034,[0.0],nan,nan,nan,0.4260919758100634,0.7405746908566034
0.5108725,0.0,0.43210418103653536,0.7345624856301315,[0.0],nan,nan,nan,0.43210418103653536,0.7345624856301315
0.5208699999999999,0.0,0.43800940496985913,0.7286572616968078,[0.0],nan,nan,nan,0.43800940496985913,0.7286572616968078
0.5308674999999999,0.0,0.4438095866773146,0.7228570799893522,[0.0],nan,nan,nan,0.4438095866773146,0.7228570799893522
0.5408649999999999,0.0,0.44950681389986885,0.7171598527667981,[0.0],nan,nan,nan,0.44950681389986885,0.7171598527667981
0.5508624999999999,0.0,0.45510322015872884,0.711563446507938,[0.0],nan,nan,nan,0.45510322015872884,0.711563446507938
0.56086,0.0,0.46060066614377393,0.7060660005228929,[0.0],nan,nan,nan,0.46060066614377393,0.7060660005228929
0.5708575,0.0,0.4660010351191013,0.7006656315475656,[0.0],nan,nan,nan,0.4660010351191013,0.7006656315475656
0.580855,0.0,0.47130633490064106,0.6953603317660259,[0.0],nan,nan,nan,0.47130633490064106,0.6953603317660259
0.5908525,0.0,0.4765186530976493,0.6901480135690176,[0.0],nan,nan,nan,0.4765186530976493,0.6901480135690176
0.60085,0.0,0.48163984222333706,0.6850268244433299,[0.0],nan,nan,nan,0.48163984222333706,0.6850268244433299
0.6108475,0.0,0.48667168706499786,0.679994979601669,[0.0],nan,nan,nan,0.48667168706499786,0.679994979601669
0.620845,0.0,0.4916160744900393,0.6750505921766276,[0.0],nan,nan,nan,0.4916160744900393,0.6750505921766276
0.6308425,0.0,0.496474975117736,0.6701916915489309,[0.0],nan,nan,nan,0.496474975117736,0.6701916915489309
0.64084,0.0,0.5012501855558934,0.6654164811107735,[0.0],nan,nan,nan,0.5012501855558934,0.6654164811107735
0.6508375,0.012227831373092603,0.5060096641560563,0.6606566977933379,"[0.0, 0.012227831373092603]",nan,nan,nan,0.5059433754227104,0.6607232912439565
0.660835,0.02422699042003004,0.5108114331487761,0.6558528635244047,"[0.0, 0.02422699042003004]",nan,nan,nan,0.5105562936656625,0.6561103730010044
0.6708324999999999,0.03510728605161587,0.5156159200808157,0.6510435348381752,"[0.0, 0.03510728605161587]",nan,nan,nan,0.515090765261142,0.6515759014055249
0.6808299999999999,0.04509379022671673,0.5203975680365013,0.6462538159694998,"[0.0, 0.04509379022671673]",nan,nan,nan,0.5195484925996734,0.6471181740669935
0.6908274999999999,0.054345867823700156,0.5251394308148143,0.641500484339807,"[0.0, 0.054345867823700156]",nan,nan,nan,0.5239310249431404,0.6427356417235265
0.7008249999999999,0.06298166419123734,0.5298301987005046,0.6367948298429854,"[0.0, 0.06298166419123734]",nan,nan,nan,0.5282399698901139,0.638426696776553
0.7108224999999999,0.0710917422596679,0.5344623164139707,0.6321444668840779,"[0.0, 0.0710917422596679]",nan,nan,nan,0.5324770002150447,0.6341896664516221
0.7208199999999999,0.07874694632796665,0.539030527159931,0.6275547534673251,"[0.0, 0.07874694632796665]",nan,nan,nan,0.5366437009497463,0.6300229657169205
0.7308175,0.08600411184560848,0.5435313025606028,0.6230293395663986,"[0.0, 0.08600411184560848]",nan,nan,nan,0.5407415006640515,0.6259251660026154
0.740815,0.09290991577326321,0.5479625267896433,0.6185704695690286,"[0.0, 0.09290991577326321]",nan,nan,nan,0.5447718694125286,0.6218947972541382
0.7508125,0.0995031640936367,0.5523230437781127,0.6141794280795637,"[0.0, 0.0995031640936367]",nan,nan,nan,0.548736331787355,0.6179303348793118
0.76081,0.10581624224389853,0.5566121856376729,0.6098570089247889,"[0.0, 0.10581624224389853]",nan,nan,nan,0.5526363453928548,0.6140303212738121
0.7708075,0.11187680224198773,0.5608298713732303,0.6056034124734693,"[0.0, 0.11187680224198773]",nan,nan,nan,0.5564732207109397,0.6101934459557271
0.780805,0.11770877602356201,0.5649765303023664,0.6014183201992014,"[0.0, 0.11770877602356201]",nan,nan,nan,0.5602482978836997,0.6064183687829672
0.7908025,0.12333280766479572,0.5690527912641168,0.5973012065610281,"[0.0, 0.12333280766479572]",nan,nan,nan,0.563962962203117,0.6027037044635498
0.8008,0.12876683160590793,0.5730594087430251,0.5932514129966738,"[0.0, 0.12876683160590793]",nan,nan,nan,0.567618542813247,0.5990481238534199
0.8107975,0.1340267668805211,0.5769974112535804,0.5892679977186934,"[0.0, 0.1340267668805211]",nan,nan,nan,0.5712162369422302,0.5954504297244366
0.8207949999999999,0.13912679219675683,0.5808680082705009,0.5853498292358427,"[0.0, 0.13912679219675683]",nan,nan,nan,0.5747572642024034,0.5919094024642635
0.8307924999999999,0.14407937239878185,0.5846723452020319,0.5814958340779226,"[0.0, 0.14407937239878185]",nan,nan,nan,0.578242881348679,0.5884237853179879
0.8407899999999999,0.14889570883231526,0.5884116598054153,0.5777048389019039,"[0.0, 0.14889570883231526]",nan,nan,nan,0.581674293433938,0.5849923732327289
0.8507874999999999,0.1535860006595832,0.5920873312498535,0.5739755207687017,"[0.0, 0.1535860006595832]",nan,nan,nan,0.5850525910303086,0.5816140756363583
0.8607849999999999,0.15815942633928176,0.5957007179769878,0.5703065713881796,"[0.0, 0.15815942633928176]",nan,nan,nan,0.5883788831891187,0.5782877834775482
0.8707824999999999,0.16262423167192666,0.599253106152736,0.566696749742512,"[0.0, 0.16262423167192666]",nan,nan,nan,0.5916543092835099,0.5750123573831569
0.88078,0.16698802479694863,0.6027458664075033,0.5631447234020751,"[0.0, 0.16698802479694863]",nan,nan,nan,0.5948799575314981,0.5717867091351687
0.8907775,0.17125782995951355,0.6061804167803816,0.559649106096783,"[0.0, 0.17125782995951355]",nan,nan,nan,0.5980568196718885,0.5686098469947783
0.900775,0.17543998776169384,0.6095580546457695,0.5562086285883759,"[0.0, 0.17543998776169384]",nan,nan,nan,0.6011859040782266,0.5654807625884403
0.9107725,0.179540363820748,0.6128800805722711,0.5528220132027963,"[0.0, 0.179540363820748]",nan,nan,nan,0.6042682435086713,0.5623984231579956
0.92077,0.18356446540235188,0.6161478523086198,0.5494879189833033,"[0.0, 0.18356446540235188]",nan,nan,nan,0.6073048179576336,0.5593618487090333
0.9307675,0.18751737152603448,0.6193626717151693,0.5462050567518496,"[0.0, 0.18751737152603448]",nan,nan,nan,0.6102965288091053,0.5563701378575615
0.940765,0.19140374829828163,0.6225257549978382,0.5429722196859794,"[0.0, 0.19140374829828163]",nan,nan,nan,0.6132442931909768,0.55342237347569
0.9507625,0.19522801740205348,0.6256383554635881,0.5397881584510326,"[0.0, 0.19522801740205348]",nan,nan,nan,0.6161490472229991,0.5505176194436677
0.96076,0.1989943599553027,0.6287017359900307,0.5366516091825094,"[0.0, 0.1989943599553027]",nan,nan,nan,0.6190116718081371,0.5476549948585298
0.9707574999999999,0.2027066219373669,0.6317170494121842,0.5335614155974745,"[0.0, 0.2027066219373669]",nan,nan,nan,0.6218329865850517,0.5448336800816151
0.9807549999999999,0.2063684484073979,0.6346854415651481,0.5305164240388553,"[0.0, 0.2063684484073979]",nan,nan,nan,0.6246138262311327,0.5420528404355341
0.9907524999999999,0.2099833430794736,0.6376080875627338,0.5275154463598989,"[0.0, 0.2099833430794736]",nan,nan,nan,0.6273550392192776,0.5393116274473893
1.0007499999999998,0.21355459472084634,0.6404861001803499,0.5245573534971719,"[0.0, 0.21355459472084634]",nan,nan,nan,0.6300574166038957,0.536609250062771
1.0107475,0.2170852945630435,0.6433205283433353,0.5216410771493667,"[0.0, 0.2170852945630435]",nan,nan,nan,0.6327217045932154,0.5339449620734513
1.0207449999999998,0.22057844216993974,0.6461124446653717,0.5187655201963707,"[0.0, 0.22057844216993974]",nan,nan,nan,0.6353486634945262,0.5313180031721405
1.0307425,0.22403692769374903,0.6488629135491845,0.5159295891894305,"[0.0, 0.22403692769374903]",nan,nan,nan,0.6379390620692528,0.5287276045974141
1.0407399999999998,0.22746346436858444,0.6515729114425286,0.5131322760667769,"[0.0, 0.22746346436858444]",nan,nan,nan,0.6404936106968997,0.526173055969767
1.0507374999999999,0.23086069139245274,0.6542434156943769,0.5103725670545486,"[0.0, 0.23086069139245274]",nan,nan,nan,0.6430129898690935,0.5236536767975732
1.0607349999999998,0.23423120099992897,0.6568754198226356,0.5076494267668887,"[0.0, 0.23423120099992897]",nan,nan,nan,0.6454978928742707,0.521168773792396
1.0707324999999999,0.23757746871411195,0.6594698544186596,0.5049618792796023,"[0.0, 0.23757746871411195]",nan,nan,nan,0.6479490156470975,0.5187176510195692
1.0807299999999997,0.24090189108943097,0.6620276145709819,0.5023089799011373,"[0.0, 0.24090189108943097]",nan,nan,nan,0.6503669969255582,0.5162996697411086
1.0907274999999998,0.24420685141347573,0.6645496149140132,0.49968975831155965,"[0.0, 0.24420685141347573]",nan,nan,nan,0.6527524584055859,0.5139142082610808
1.1007249999999997,0.2474946866296496,0.6670367481082026,0.4971032609810418,"[0.0, 0.2474946866296496]",nan,nan,nan,0.6551060330008275,0.5115606336658394
1.1107224999999998,0.2507676561017334,0.6694898459974888,0.4945485910119497,"[0.0, 0.2507676561017334]",nan,nan,nan,0.6574283497068242,0.5092383169598427
1.12072,0.25402802338099584,0.671909751107154,0.4920248341482173,"[0.0, 0.25402802338099584]",nan,nan,nan,0.6597199844838046,0.5069466821828621
1.1307174999999998,0.25727806047469964,0.6742973121113208,0.4895310629749676,"[0.0, 0.25727806047469964]",nan,nan,nan,0.6619815062651306,0.5046851604015361
1.140715,0.2605199903507386,0.6766533199539986,0.48706640253135114,"[0.0, 0.2605199903507386]",nan,nan,nan,0.6642134935285191,0.5024531731381476
1.1507124999999998,0.2637560466684257,0.6789785576975205,0.48462997840151867,"[0.0, 0.2637560466684257]",nan,nan,nan,0.6664165134223041,0.5002501532443626
1.16071,0.2669885091161291,0.6812738253969282,0.4822208903389216,"[0.0, 0.2669885091161291]",nan,nan,nan,0.6685910876835452,0.49807557898312155
1.1707074999999998,0.27021966059827207,0.6835398902661359,0.4798382632561023,"[0.0, 0.27021966059827207]",nan,nan,nan,0.6707377376479432,0.4959289290187236
1.180705,0.27345180105227795,0.6857774910515466,0.4774812420964849,"[0.0, 0.27345180105227795]",nan,nan,nan,0.6728569924050375,0.4938096742616293
1.1907024999999998,0.27668730769219907,0.6879873850938895,0.4751489421532066,"[0.0, 0.27668730769219907]",nan,nan,nan,0.674949362360961,0.49171730430570576
1.2006999999999999,0.2799286205139551,0.6901703237665536,0.47284047359605574,"[0.0, 0.2799286205139551]",nan,nan,nan,0.6770153225390335,0.4896513441276333
1.2106974999999998,0.2831782197191319,0.6923270204560027,0.47055497382915024,"[0.0, 0.2831782197191319]",nan,nan,nan,0.6790553512440641,0.48761131542260266
1.2206949999999999,0.28643869559662055,0.6944582032546368,0.4682915514378841,"[0.0, 0.28643869559662055]",nan,nan,nan,0.6810699323216152,0.48559673434505163
1.2306924999999997,0.28971276253635797,0.6965646135261645,0.4660492861831876,"[0.0, 0.28971276253635797]",nan,nan,nan,0.6830595248577652,0.4836071418089016
1.2406899999999998,0.293003226281912,0.698646961068746,0.4638272742765246,"[0.0, 0.293003226281912]",nan,nan,nan,0.6850245633939228,0.481642103272744
1.2506874999999997,0.296313045592913,0.7007059635976127,0.46162458532563705,"[0.0, 0.296313045592913]",nan,nan,nan,0.6869654873069846,0.4797011793596822
1.2606849999999998,0.29964537396146734,0.7027423641603141,0.4594402418215755,"[0.0, 0.29964537396146734]",nan,nan,nan,0.6888827385367248,0.477783928129942
1.2706824999999997,0.3030035407238742,0.704756892704156,0.4572732569254524,"[0.0, 0.3030035407238742]",nan,nan,nan,0.690776730560552,0.4758899361061148
1.2806799999999998,0.30639109697982025,0.7067502821794629,0.45512261469643484,"[0.0, 0.30639109697982025]",nan,nan,nan,0.6926478624858082,0.47401880418085857
1.2906775,0.3098118866822029,0.708723301094687,0.45298723226641663,"[0.0, 0.3098118866822029]",nan,nan,nan,0.6944965384442914,0.4721701282223754
1.3006749999999998,0.3132700567498233,0.710676728460613,0.45086598202759637,"[0.0, 0.3132700567498233]",nan,nan,nan,0.6963231611079393,0.47034350555872745
1.3106725,0.3167700975637262,0.7126113501336991,0.4487576906570808,"[0.0, 0.3167700975637262]",nan,nan,nan,0.6981281042808506,0.4685385623858162
1.3206699999999998,0.32031694844405695,0.7145280007843856,0.446661088710295,"[0.0, 0.32031694844405695]",nan,nan,nan,0.699911735624296,0.4667549310423708
1.3306675,0.3239160521082481,0.7164275537550153,0.4445748140270381,"[0.0, 0.3239160521082481]",nan,nan,nan,0.7016744273098927,0.4649922393567741
1.3406649999999998,0.32756955218112355,0.7183105721539104,0.4424979601216621,"[0.0, 0.32756955218112355]",nan,nan,nan,0.7034165448429414,0.46325012182372544
1.3506624999999999,0.3312608362865099,0.7201759993046954,0.44043225219026727,"[0.0, 0.3312608362865099]",nan,nan,nan,0.7051384283719483,0.4615282382947185
1.3606599999999998,0.3349902237835847,0.7220242451866886,0.4383770741985799,"[0.0, 0.3349902237835847]",nan,nan,nan,0.7068404171961026,0.4598262494705642
1.3706574999999999,0.33876160233156294,0.7238560045675891,0.43633131441729356,"[0.0, 0.33876160233156294]",nan,nan,nan,0.7085228541994305,0.4581438124672363
1.3806549999999997,0.34257917146027483,0.725672005129784,0.43429378503899524,"[0.0, 0.34257917146027483]",nan,nan,nan,0.7101860701450782,0.4564805965215886
1.3906524999999998,0.34644748440999834,0.7274730105664684,0.4322632132548664,"[0.0, 0.34644748440999834]",nan,nan,nan,0.7118303767768503,0.45483628988981645
1.4006499999999997,0.35037145617564347,0.7292597954299609,0.43023826205762633,"[0.0, 0.35037145617564347]",nan,nan,nan,0.7134560876024071,0.4532105790642597
1.4106474999999998,0.3543564620770851,0.7310331808032413,0.4282174841645079,"[0.0, 0.3543564620770851]",nan,nan,nan,0.7150635181926702,0.4516031484739966
1.4206449999999997,0.35840841148856034,0.732794044022697,0.4261993022837494,"[0.0, 0.35840841148856034]",nan,nan,nan,0.7166529677727018,0.450013698893965
1.4306424999999998,0.36253378737965225,0.734543297702707,0.4241820212164453,"[0.0, 0.36253378737965225]",nan,nan,nan,0.7182247237145807,0.4484419429520861
1.4406399999999997,0.3667397834663209,0.7362819272635969,0.422163773966422,"[0.0, 0.3667397834663209]",nan,nan,nan,0.7197790760437635,0.44688759062290334
1.4506374999999998,0.3710344293810522,0.7380110068423313,0.4201424883238882,"[0.0, 0.3710344293810522]",nan,nan,nan,0.7213163144154686,0.4453503522511982
1.460635,0.37542669297913867,0.7397316869346352,0.41811588123144466,"[0.0, 0.37542669297913867]",nan,nan,nan,0.7228367103165685,0.4438299563500983
1.4706324999999998,0.3799266996550718,0.7414452409581419,0.4160813836393023,"[0.0, 0.3799266996550718]",nan,nan,nan,0.724340529749565,0.4423261369171018
1.48063,0.38454595474411446,0.7431530895345773,0.41403608372480977,"[0.0, 0.38454595474411446]",nan,nan,nan,0.7258280413321384,0.4408386253345284
1.4906274999999998,0.3892975795185367,0.7448568066414982,0.41197668294861167,"[0.0, 0.3892975795185367]",nan,nan,nan,0.7272995097518015,0.43936715691486533
1.5006249999999999,0.39419670878930807,0.7465581881685309,0.4098993720646056,"[0.0, 0.39419670878930807]",nan,nan,nan,0.7287551829596924,0.43791148370697436
1.5106224999999998,0.39926082844073474,0.7482592858351544,0.4077997386819789,"[0.0, 0.39926082844073474]",nan,nan,nan,0.7301953077463961,0.4364713589202707
1.5206199999999999,0.40450135461601494,0.7499616534978316,0.40567417049299187,"[0.0, 0.40450135461601494]",nan,nan,nan,0.7316201329980209,0.43504653366864593
1.5306174999999997,0.4099339130798755,0.751667290233421,0.40351809681026335,"[0.0, 0.4099339130798755]",nan,nan,nan,0.7330298995924187,0.4336367670742481
1.5406149999999998,0.41558277370090957,0.7533790484686286,0.40132513442583834,"[0.0, 0.41558277370090957]",nan,nan,nan,0.7344248358348086,0.43224183083185824
1.5506124999999997,0.4214766688704461,0.7551002983708422,0.3990876676490925,"[0.0, 0.4214766688704461]",nan,nan,nan,0.7358051709644804,0.4308614957021864
1.5606099999999998,0.427649986554961,0.7568350939826334,0.39679647957229064,"[0.0, 0.427649986554961]",nan,nan,nan,0.7371711352532387,0.42949553141342806
1.5706074999999997,0.43414423107141054,0.7585883415271353,0.3944403198976902,"[0.0, 0.43414423107141054, 0.866925257250709, 0.9104902167053175]",0.9104902167053175,0.8883897466347597,0.1524786697766192,0.7385229477696253,0.42814371889704145
1.5806049999999998,0.4410101107696085,0.7603660996613515,0.3920052303064818,"[0.0, 0.4410101107696085, 0.8417391531150202, 0.9248035178622397]",0.9248035178622397,0.9005482502268115,0.1342936019340942,0.7398608200681447,0.4268058465985221
1.5906024999999997,0.4483102091749835,0.7621759380585467,0.38947367826989027,"[0.0, 0.4483102091749835, 0.8220312580545412, 0.9331212707373409]",0.9331212707373409,0.9083424975830733,0.12291034030123257,0.7411849653190984,0.4254817013475684
1.6005999999999998,0.45612256615067015,0.764027455271371,0.3868233290123149,"[0.0, 0.45612256615067015, 0.8039627431634464, 0.9392041375932946]",0.9392041375932946,0.9144184657001171,0.11416884869860544,0.7424955958391845,0.42417107082748234
1.6105975,0.4645750903887751,0.7659359339656181,0.384019191276727,"[0.0, 0.4645750903887751, 0.7864338714912635, 0.944037880134406]",0.944037880134406,0.9194900991050224,0.10695429137529985,0.7437929115567399,0.4228737551099269
1.6205949999999998,0.9480545839388108,0.9238782029051096,0.10076870294721887,"[0.0, 0.4738551612234841, 0.76884042058027, 0.9480545839388108]",0.4738551612234841,0.7679239817863203,0.3810095468074789,0.7450771093267068,0.42158955733996
1.6305925,0.9514884927091458,0.9277609257049264,0.09533717232874259,"[0.0, 0.48417775964266363, 0.7507397660765899, 0.9514884927091458]",0.48417775964266363,0.770019390522128,0.3777297971986754,0.7463483875795878,0.420318279087079
1.6405899999999998,0.9544826705413363,0.931249548085782,0.09048892034384778,"[0.0, 0.49583094842455505, 0.7316456245220759, 0.9544826705413363]",0.49583094842455505,0.7722611341094633,0.37408899750008245,0.7476069410425605,0.41905972562410626
1.6505874999999999,0.9571323314709169,0.934420007039711,0.08610813792460628,"[0.0, 0.5092579284302522, 0.7107544745622562, 0.9571323314709169]",0.5092579284302522,0.7747109375789524,0.3699435951425615,0.7488529535689837,0.41781371309768306
1.6605849999999998,0.959502246346152,0.9373242791092299,0.08211563353750778,"[0.0, 0.526174060999898, 0.6868937333217601, 0.959502246346152]",0.526174060999898,0.7775870320451135,0.3648002847352319,0.7500866086816592,0.4165800579850076
1.6705824999999999,0.9616422465751991,0.9400042230774819,0.07844840108171974,"[0.0, 0.549485639033828, 0.6565798449338524, 0.9616422465751991]",0.549485639033828,0.7813054922189966,0.3577097321438366,0.7513080910146716,0.41535857565199524
1.6805799999999997,0.9635886774073034,0.942490499313475,0.07506031537039004,"[0.0, 0.9635886774073034]",nan,nan,nan,0.7525175785143816,0.4141490881522852
1.6905774999999998,0.9653698339245979,0.9448074826088769,0.0719148979228427,"[0.0, 0.9653698339245979]",nan,nan,nan,0.7537152416391476,0.4129514250275192
1.7005749999999997,0.9670073826472347,0.9469738457423987,0.06898419201513872,"[0.0, 0.9670073826472347]",nan,nan,nan,0.7549012516780752,0.4117654149885916
1.7105724999999998,0.9685185986200108,0.9490046845553958,0.06624567690888147,"[0.0, 0.9685185986200108]",nan,nan,nan,0.7560757800100943,0.41059088665657245
1.7205699999999997,0.9699220023790877,0.9509182908546815,0.06367290017559582,"[0.0, 0.9699220023790877]",nan,nan,nan,0.7572389893813135,0.4094276772853533
1.7305674999999998,0.971229002196431,0.9527249482547127,0.061250634786082586,"[0.0, 0.971229002196431]",nan,nan,nan,0.7583910387188683,0.40827562794779854
1.7405649999999997,0.9724493548363161,0.9544336336607534,0.05896565522794625,"[0.0, 0.9724493548363161]",nan,nan,nan,0.7595320880412619,0.40713457862540486
1.7505624999999998,0.9735916070534933,0.9560524345362427,0.05680612987770603,"[0.0, 0.9735916070534933]",nan,nan,nan,0.7606622956459881,0.4060043710206787
1.76056,0.974663231187669,0.9575885903138341,0.05476152899635822,"[0.0, 0.974663231187669]",nan,nan,nan,0.7617818112177747,0.40488485544889213
1.7705574999999998,0.9756708241830525,0.9590486515057259,0.052822382113642485,"[0.0, 0.9756708241830525]",nan,nan,nan,0.7628907833977893,0.40377588326887753
1.7805549999999999,0.9766201813280012,0.9604384871508967,0.050980244188054774,"[0.0, 0.9766201813280012]",nan,nan,nan,0.7639893617331768,0.40267730493349
1.7905524999999998,0.9775163834057473,0.9617633264438081,0.04922761963920891,"[0.0, 0.9775163834057473]",nan,nan,nan,0.7650776916629369,0.40158897500372986
1.8005499999999999,0.9783638606737537,0.9630277807419957,0.047557915719350335,"[0.0, 0.9783638606737537]",nan,nan,nan,0.7661559120615412,0.4005107546051256
1.8105474999999998,0.9791664431490406,0.9642358556956612,0.0459654112736895,"[0.0, 0.9791664431490406]",nan,nan,nan,0.7672241621137215,0.39944250455294533
1.8205449999999999,0.979927402905341,0.965390959944011,0.04444523193177566,"[0.0, 0.979927402905341]",nan,nan,nan,0.7682825813227904,0.3983840853438764
1.8305424999999997,0.9806495341779687,0.9664959795671044,0.04299324067991814,"[0.0, 0.9806495341779687]",nan,nan,nan,0.7693313031525145,0.3973353635141523
1.8405399999999998,0.9813352501618913,0.9675533868466358,0.04160588534462181,"[0.0, 0.9813352501618913]",nan,nan,nan,0.7703704573226747,0.39629620934399207
1.8505374999999997,0.9819882090878785,0.9685676949567692,0.04027696210473983,"[0.0, 0.9819882090878785]",nan,nan,nan,0.7714001742845388,0.395266492382128
1.8605349999999998,0.9826110467769482,0.9695420347544652,0.039002130342764285,"[0.0, 0.9826110467769482]",nan,nan,nan,0.7724205836167745,0.39424608304989234
1.8705324999999997,0.9832049617801393,0.9704774409827384,0.037779831044789075,"[0.0, 0.9832049617801393]",nan,nan,nan,0.7734318082760914,0.3932348583905754
1.8805299999999998,0.9837710317159677,0.9713748253597472,0.0366086814725064,"[0.0, 0.9837710317159677]",nan,nan,nan,0.7744339699142414,0.3922326967524254
1.8905274999999997,0.9843124194622903,0.9722384349954116,0.035482948634620176,"[0.0, 0.9843124194622903]",nan,nan,nan,0.7754271908717084,0.3912394757949584
1.9005249999999998,0.9848303335213034,0.9730695696925297,0.034400785960474384,"[0.0, 0.9848303335213034]",nan,nan,nan,0.7764115907969111,0.39025507586975566
1.9105224999999997,0.985325222155776,0.9738683769616026,0.03336186410816602,"[0.0, 0.985325222155776]",nan,nan,nan,0.7773872839188201,0.38927938274784674
1.9205199999999998,0.985799804175764,0.9746386631143786,0.032361089251426,"[0.0, 0.985799804175764]",nan,nan,nan,0.7783543844948874,0.38831228217177943
1.9305174999999999,0.9862541409041867,0.9753800703728094,0.03139881773085848,"[0.0, 0.9862541409041867]",nan,nan,nan,0.7793130071013308,0.387353659565336
1.9405149999999998,0.9866901335534456,0.9760952252349498,0.030471524695366847,"[0.0, 0.9866901335534456]",nan,nan,nan,0.7802632619365243,0.3864034047301425
1.9505124999999999,0.9871082096438751,0.9767844332199468,0.02957871992767372,"[0.0, 0.9871082096438751]",nan,nan,nan,0.7812052559127618,0.385461410753905
1.9605099999999998,0.9875098987923333,0.9774498204238967,0.028717553613950175,"[0.0, 0.9875098987923333]",nan,nan,nan,0.7821390964347233,0.38452757023194345
1.9705074999999999,0.987895471353817,0.9780915027293848,0.027887797378643858,"[0.0, 0.987895471353817]",nan,nan,nan,0.783064890384323,0.38360177628234376
1.9805049999999997,0.9882663368671107,0.978711488458456,0.027086772928939296,"[0.0, 0.9882663368671107]",nan,nan,nan,0.7839827395431436,0.3826839271235232
1.9905024999999998,0.9886228601274548,0.9793101037984839,0.026313991923474583,"[0.0, 0.9886228601274548]",nan,nan,nan,0.7848927444265343,0.38177392224013246
2.0004999999999997,0.9889658176575177,0.9798883758995662,0.025568062589489432,"[0.0, 0.9889658176575177]",nan,nan,nan,0.7857950060638105,0.3808716606028563
2.0104974999999996,0.9892960351427696,0.9804474408440221,0.024847458553646312,"[0.0, 0.9892960351427696]",nan,nan,nan,0.7866896235587768,0.37997704310789
2.020495,0.9896141004050779,0.9809880628986831,0.024151140159396844,"[0.0, 0.9896141004050779]",nan,nan,nan,0.7875766916611456,0.37908997500552116
2.0304925,0.9899204702269406,0.9815108053913477,0.023478331709823053,"[0.0, 0.9899204702269406]",nan,nan,nan,0.788456305037882,0.3782103616287848
2.0404899999999997,0.990216394464373,0.9820176089048969,0.022826490473665667,"[0.0, 0.990216394464373]",nan,nan,nan,0.7893285586103559,0.3773381080563109
2.0504874999999996,0.9905020170998431,0.9825085383179808,0.022195490097342868,"[0.0, 0.9905020170998431]",nan,nan,nan,0.7901935439719305,0.37647312269473626
2.060485,0.9907757198432752,0.982980603243454,0.021589123974287278,"[0.0, 0.9907757198432752]",nan,nan,nan,0.791051350007866,0.3756153166588008
2.0704825,0.9910359871818889,0.9834310969546631,0.02101085273983,"[0.0, 0.9910359871818889]",nan,nan,nan,0.791902065948503,0.3747646007181638
2.0804799999999997,0.991298967246083,0.9838875585210015,0.020425213660053815,"[0.0, 0.991298967246083]",nan,nan,nan,0.792745780635217,0.37392088603144985
2.0904775,0.9915417385582501,0.9843105381657604,0.019882922315559104,"[0.0, 0.9915417385582501]",nan,nan,nan,0.7935825789144949,0.3730840877521719
2.100475,0.9917812272405241,0.9847289605099367,0.019346744284218093,"[0.0, 0.9917812272405241]",nan,nan,nan,0.7944125445611558,0.37225412210551095
2.1104724999999998,0.9920139583660308,0.9851367859973337,0.018824431276605685,"[0.0, 0.9920139583660308]",nan,nan,nan,0.7952357617330207,0.3714309049336461
2.1204699999999996,0.9922331323723494,0.9855220875120232,0.01833126227381779,"[0.0, 0.9922331323723494]",nan,nan,nan,0.7960523130774827,0.3706143535891841
2.1304675,0.9924521757478522,0.9859081086737106,0.017837390293044847,"[0.0, 0.9924521757478522]",nan,nan,nan,0.7968622777889467,0.3698043888777201
2.140465,0.9926570893248361,0.9862703625382696,0.017374199616976255,"[0.0, 0.9926570893248361]",nan,nan,nan,0.797665734968657,0.3690009316980098
2.1504624999999997,0.9928610857421586,0.986631840044436,0.016912195674147118,"[0.0, 0.9928610857421586]",nan,nan,nan,0.7984627638958225,0.3682039027708443
2.1604599999999996,0.993054003479173,0.986974663716195,0.016474266964147277,"[0.0, 0.993054003479173]",nan,nan,nan,0.7992534411939957,0.36741322547267113
2.1704575,0.9932437293223197,0.9873125994014056,0.016042763741498628,"[0.0, 0.9932437293223197]",nan,nan,nan,0.8000378413494135,0.3666288253172533
2.180455,0.9934251590572521,0.9876365910774266,0.015629262497357993,"[0.0, 0.9934251590572521]",nan,nan,nan,0.8008160391063871,0.3658506275602797
2.1904524999999997,0.9936022915849874,0.9879536262610659,0.015224806253710504,"[0.0, 0.9936022915849874]",nan,nan,nan,0.8015881088557213,0.3650785578109455
2.2004499999999996,0.9937732590805577,0.9882603546179503,0.014833669928045717,"[0.0, 0.9937732590805577]",nan,nan,nan,0.8023541217985029,0.36431254486816395
2.2104475,0.9939402109259873,0.9885605400658419,0.014451031036316814,"[0.0, 0.9939402109259873]",nan,nan,nan,0.8031141483132418,0.363552518353425
2.220445,0.9941009148216424,0.9888501625799657,0.014082014620155653,"[0.0, 0.9941009148216424]",nan,nan,nan,0.8038682590641508,0.36279840760251597
2.2304424999999997,0.9942582384538485,0.989134287469738,0.013720140939410264,"[0.0, 0.9942582384538485]",nan,nan,nan,0.8046165234297845,0.3620501432368823
2.24044,0.9944090111462077,0.9894071962749793,0.01337269770200103,"[0.0, 0.9944090111462077]",nan,nan,nan,0.8053590080755245,0.3613076585911423
2.2504375,0.9945573172630081,0.9896761686999366,0.013030388142117766,"[0.0, 0.9945573172630081]",nan,nan,nan,0.8060957796101258,0.360570887056541
2.2604349999999998,0.9946997140291818,0.9899349852239656,0.012701136062607282,"[0.0, 0.9946997140291818]",nan,nan,nan,0.8068269047462142,0.3598397619204526
2.2704324999999996,0.9948385840064453,0.9901878828077834,0.01237952799833672,"[0.0, 0.9948385840064453]",nan,nan,nan,0.8075524479872496,0.35911421867941723
2.28043,0.9949722372559424,0.990431760987101,0.012069502368120683,"[0.0, 0.9949722372559424]",nan,nan,nan,0.8082724722121489,0.35839419445451787
2.2904275,0.9951029125204102,0.9906706512481737,0.011765921331952506,"[0.0, 0.9951029125204102]",nan,nan,nan,0.8089870405053856,0.3576796261612812
2.3004249999999997,0.9952305979646718,0.9909045103005802,0.011468835200950184,"[0.0, 0.9952305979646718]",nan,nan,nan,0.8096962155849062,0.35697045108176056
2.3104224999999996,0.9953528943735472,0.9911289304735008,0.011183841270539036,"[0.0, 0.9953528943735472]",nan,nan,nan,0.8104000575852538,0.356266609081413
2.32042,0.9954721548019009,0.9913481590666933,0.010905528312468105,"[0.0, 0.9954721548019009]",nan,nan,nan,0.8110986260636688,0.355568040602998
2.3304175,0.9955885551689477,0.9915624959481244,0.010633510353060732,"[0.0, 0.9955885551689477]",nan,nan,nan,0.8117919807883097,0.3548746858783571
2.3404149999999997,0.9957009349390368,0.9917697922647579,0.01037051252804952,"[0.0, 0.9957009349390368]",nan,nan,nan,0.8124801803632703,0.3541864863033965
2.3504124999999996,0.9958101906279407,0.9919716600869951,0.010114479606083998,"[0.0, 0.9958101906279407]",nan,nan,nan,0.8131632812864166,0.35350338538025017
2.36041,0.9959167336190026,0.9921688310739233,0.009864476931166849,"[0.0, 0.9959167336190026]",nan,nan,nan,0.8138413400476212,0.35282532661904553
2.3704075,0.9960199956823974,0.9923602380410427,0.009621854408074088,"[0.0, 0.9960199956823974]",nan,nan,nan,0.8145144131705947,0.35215225349607204
2.3804049999999997,0.9961201912261564,0.9925462520148609,0.009386135647739463,"[0.0, 0.9961201912261564]",nan,nan,nan,0.8151825552851049,0.3514841113815619
2.3904024999999995,0.9962175879515397,0.9927273435114455,0.009156718211267595,"[0.0, 0.9962175879515397]",nan,nan,nan,0.8158458198356621,0.3508208468310047
2.4004,0.9963125762892621,0.9929042181769165,0.00893270348801542,"[0.0, 0.9963125762892621]",nan,nan,nan,0.8165042604368706,0.3501624062297961
2.4103974999999997,0.996404771327806,0.9930761424745204,0.008715016772096712,"[0.0, 0.996404771327806]",nan,nan,nan,0.8171579302967177,0.34950873636994906
2.4203949999999996,0.996494390156902,0.9932435003663973,0.008503167085214397,"[0.0, 0.996494390156902]",nan,nan,nan,0.8178068805216566,0.3488597861450101
2.4303925,0.9965815178037504,0.9934064323523576,0.00829697239357971,"[0.0, 0.9965815178037504]",nan,nan,nan,0.8184511618517483,0.3482155048149185
2.44039,0.9966662358207021,0.9935650736157242,0.008096257657356526,"[0.0, 0.9966662358207021]",nan,nan,nan,0.8190908251768805,0.34757584148978626
2.4503874999999997,0.9967486224569576,0.9937195542668628,0.007900854505327126,"[0.0, 0.9967486224569576]",nan,nan,nan,0.8197259202907304,0.3469407463759363
2.4603849999999996,0.9968287528119673,0.9938699995579564,0.007710600947133911,"[0.0, 0.9968287528119673]",nan,nan,nan,0.8203564953831658,0.34631017128350094
2.4703825,0.9969066990149912,0.9940165301516447,0.007525341018415177,"[0.0, 0.9969066990149912]",nan,nan,nan,0.8209825986778531,0.3456840679888137
2.48038,0.9969825303774507,0.9941592623437888,0.007344924485096327,"[0.0, 0.9969825303774507]",nan,nan,nan,0.8216042783641377,0.345062388302529
2.4903774999999997,0.9970563135310063,0.994298308263927,0.0071692065768721724,"[0.0, 0.9970563135310063]",nan,nan,nan,0.8222215809805916,0.3444450856860751
2.5003749999999996,0.997128112544394,0.9944337760398949,0.006998047766891585,"[0.0, 0.997128112544394]",nan,nan,nan,0.8228345522445933,0.3438321144220734
2.5103725,0.9971979890404772,0.9945657699664434,0.006831313547164625,"[0.0, 0.9971979890404772]",nan,nan,nan,0.8234432380150027,0.343223428651664
2.5203699999999998,0.9972660023281449,0.99469439070526,0.006668874165021155,"[0.0, 0.9972660023281449]",nan,nan,nan,0.8240476836877314,0.34261898297893534
2.5303674999999997,0.9973322095171597,0.994819735456342,0.006510604396539332,"[0.0, 0.9973322095171597]",nan,nan,nan,0.8246479329637245,0.3420187337029422
2.5403649999999995,0.9973966656142816,0.994941898097139,0.006356383361376311,"[0.0, 0.9973966656142816]",nan,nan,nan,0.825244029340651,0.34142263732601574
2.5503625,0.9974594236034605,0.9950609692943224,0.006206094372771087,"[0.0, 0.9974594236034605]",nan,nan,nan,0.8258360164122449,0.34083065025442183
2.5603599999999997,0.9975205345323002,0.9951770366298378,0.006059624770031247,"[0.0, 0.9975205345323002]",nan,nan,nan,0.826423936720555,0.3402427299461117
2.5703574999999996,0.9975800476617375,0.9952901848490955,0.0059168655973178275,"[0.0, 0.9975800476617375]",nan,nan,nan,0.8270078316222987,0.339658835044368
2.580355,0.9976380104407364,0.9954004957804266,0.005777711698120719,"[0.0, 0.9976380104407364]",nan,nan,nan,0.8275877425352071,0.3390789241314597
2.5903525,0.9976944687215326,0.9955080487119743,0.005642061232520229,"[0.0, 0.9976944687215326]",nan,nan,nan,0.8281637107733908,0.33850295589327595
2.6003499999999997,0.9977494666806119,0.9956129202130766,0.005509815896294429,"[0.0, 0.9977494666806119]",nan,nan,nan,0.8287357762090956,0.3379308904575712
2.6103474999999996,0.9978030469717548,0.9957151843971194,0.005380880583002262,"[0.0, 0.9978030469717548]",nan,nan,nan,0.8293039781845758,0.33736268848209094
2.620345,0.9978552507832135,0.9958149130045879,0.005255163273493485,"[0.0, 0.9978552507832135]",nan,nan,nan,0.8298683561560246,0.33679831051064213
2.6303425,0.9979061178990025,0.9959121754954805,0.00513257491394109,"[0.0, 0.9979061178990025]",nan,nan,nan,0.8304289490545759,0.33623771761209087
2.6403399999999997,0.9979556867568431,0.9960070391368441,0.005013029300354271,"[0.0, 0.9979556867568431]",nan,nan,nan,0.8309857944729311,0.33568087219373566
2.6503374999999996,0.998003994503144,0.9960995690860622,0.004896442968754272,"[0.0, 0.998003994503144]",nan,nan,nan,0.8315389299154572,0.33512773675120955
2.660335,0.9980510770454081,0.99618982847054,0.004782735090180346,"[0.0, 0.9980510770454081]",nan,nan,nan,0.8320883929309456,0.33457827373572113
2.6703324999999998,0.9980969691019117,0.9962778784634109,0.004671827370979903,"[0.0, 0.9980969691019117]",nan,nan,nan,0.8326342200579535,0.33403244660871323
2.6803299999999997,0.9981417042490016,0.9963637783558423,0.004563643957638447,"[0.0, 0.9981417042490016]",nan,nan,nan,0.8331764469967092,0.3334902196699575
2.6903274999999995,0.9981853149652115,0.9964475856243338,0.004458111348157129,"[0.0, 0.9981853149652115]",nan,nan,nan,0.8337151095203145,0.3329515571463523
2.700325,0.9982278326623852,0.996529355974111,0.004355158333764847,"[0.0, 0.9982278326623852]",nan,nan,nan,0.834250243225068,0.3324164234415987
2.7103224999999997,0.9982692877306356,0.9966091434099229,0.004254715906298778,"[0.0, 0.9982692877306356]",nan,nan,nan,0.8347818824649051,0.3318847842017616
2.7203199999999996,0.9983097095877669,0.9966870003163616,0.004156717153799089,"[0.0, 0.9983097095877669]",nan,nan,nan,0.8353100612851275,0.3313566053815392
2.7303175,0.9983491267164523,0.9967629775155851,0.004061097184766521,"[0.0, 0.9983491267164523]",nan,nan,nan,0.8358348138157181,0.3308318528509486
2.740315,0.9983875666995838,0.996837124322323,0.0039677930560162444,"[0.0, 0.9983875666995838]",nan,nan,nan,0.8363561736042127,0.3303104930624541
2.7503124999999997,0.9984250562537738,0.9969094885960686,0.003876743704236879,"[0.0, 0.9984250562537738]",nan,nan,nan,0.8368741731761971,0.3297924934904697
2.7603099999999996,0.9984616212615091,0.9969801167913795,0.003787889880084605,"[0.0, 0.9984616212615091]",nan,nan,nan,0.8373888450419377,0.3292778216247291
2.7703075,0.9984972868018628,0.9970490540060567,0.0037011740850918518,"[0.0, 0.9984972868018628]",nan,nan,nan,0.8379002217025104,0.3287664449641563
2.780305,0.9985320771798234,0.9971163440272812,0.0036165405112834614,"[0.0, 0.9985320771798234]",nan,nan,nan,0.838408334701538,0.32825833196512877
2.7903024999999997,0.9985660159543224,0.9971820293758243,0.0035339349833455325,"[0.0, 0.9985660159543224]",nan,nan,nan,0.8389132150265254,0.32775345164014136
2.8002999999999996,0.9985991259650937,0.9972461513485548,0.00345330490305798,"[0.0, 0.9985991259650937]",nan,nan,nan,0.8394148937372855,0.32725177292938123
2.8102975,0.9986314293545684,0.9973087500518699,0.0033745992052589824,"[0.0, 0.9986314293545684]",nan,nan,nan,0.8399134016378569,0.32675326502880986
2.8202949999999998,0.9986629475872358,0.9973698644306861,0.0032977683194955476,"[0.0, 0.9986629475872358]",nan,nan,nan,0.8404087684958147,0.32625789817085205
2.8302924999999997,0.998693701481892,0.9974295323228106,0.0032227640998489238,"[0.0, 0.998693701481892]",nan,nan,nan,0.8409010239244943,0.32576564274217246
2.8402899999999995,0.99872371123585,0.997487790498246,0.003149539773818155,"[0.0, 0.99872371123585]",nan,nan,nan,0.8413901975899543,0.3252764690767125
2.8502875,0.9987529964464482,0.9975446746936825,0.0030780498973476123,"[0.0, 0.9987529964464482]",nan,nan,nan,0.841876318533146,0.3247903481335207
2.8602849999999997,0.9987815761317487,0.9976002196458112,0.003008250311422961,"[0.0, 0.9987815761317487]",nan,nan,nan,0.8423594150512765,0.3243072516153902
2.8702824999999996,0.998809468750273,0.9976544591231368,0.002940098100634586,"[0.0, 0.998809468750273]",nan,nan,nan,0.8428395154663144,0.3238271512003523
2.8802799999999995,0.9988366922199985,0.9977074259567037,0.002873551553182724,"[0.0, 0.9988366922199985]",nan,nan,nan,0.843316648032377,0.3233500186342897
2.8902775,0.9988632639366571,0.9977591520697967,0.00280857012224503,"[0.0, 0.9988632639366571]",nan,nan,nan,0.8437908401204739,0.32287582654619285
2.9002749999999997,0.9988892007913279,0.9978096685065788,0.002745114388747444,"[0.0, 0.9988892007913279]",nan,nan,nan,0.8442621187659746,0.3224045479006922
2.9102724999999996,0.9989145191870551,0.9978590054591333,0.0026831460262061735,"[0.0, 0.9989145191870551]",nan,nan,nan,0.8447305110664587,0.32193615560020805
2.92027,0.998939235055004,0.9979071922938803,0.002622627766416169,"[0.0, 0.998939235055004]",nan,nan,nan,0.8451960437843559,0.3214706228823109
2.9302675,0.9989633638654168,0.9979542575681333,0.002563523377584559,"[0.0, 0.9989633638654168]",nan,nan,nan,0.8456587428581906,0.3210079238084761
2.9402649999999997,0.9989869206437779,0.9980002290570296,0.00250579762948272,"[0.0, 0.9989869206437779]",nan,nan,nan,0.846118634168998,0.3205480324976687
2.9502624999999996,0.9990099199883176,0.9980451337833124,0.0024494162550697807,"[0.0, 0.9990099199883176]",nan,nan,nan,0.8465757436142847,0.32009092305238207
2.96026,0.9990323760881099,0.9980889980485195,0.0023943459104052156,"[0.0, 0.9990323760881099]",nan,nan,nan,0.8470300964471609,0.31963657021950587
2.9702574999999998,0.9990543027301049,0.9981318474428141,0.002340554161433278,"[0.0, 0.9990543027301049]",nan,nan,nan,0.847481717414513,0.3191849492521538
2.9802549999999997,0.9990757133158137,0.9981737068738279,0.0022880094469319157,"[0.0, 0.9990757133158137]",nan,nan,nan,0.8479306313046018,0.31873603536206496
2.9902524999999995,0.9990966208731035,0.9982146005861646,0.00223668105323388,"[0.0, 0.9990966208731035]",nan,nan,nan,0.8483768627719803,0.3182898038946864
3.00025,0.9991170380675893,0.998254552180297,0.0021865390897506665,"[0.0, 0.9991170380675893]",nan,nan,nan,0.8488204356911578,0.3178462309755089
3.0102474999999997,0.9991369772139596,0.9982935846314996,0.0021375544644870736,"[0.0, 0.9991369772139596]",nan,nan,nan,0.8492613737611895,0.31740529290547725
3.0202449999999996,0.9991564502873095,0.9983317203089641,0.0020896988593639143,"[0.0, 0.9991564502873095]",nan,nan,nan,0.849699700725445,0.31696696594122176
3.0302424999999995,0.9991754689334496,0.9983689809930616,0.0020429447079002294,"[0.0, 0.9991754689334496]",nan,nan,nan,0.8501354399241364,0.3165312267425303
3.04024,0.999194044478505,0.9984053878913649,0.0019972651744845915,"[0.0, 0.999194044478505]",nan,nan,nan,0.8505686140802271,0.31609805258643964
3.0502374999999997,0.9992121879358229,0.9984409616495351,0.0019526341401215064,"[0.0, 0.9992121879358229]",nan,nan,nan,0.8509992459134996,0.3156674207531671
3.0602349999999996,0.9992299100181385,0.9984757223726289,0.0019090261751272264,"[0.0, 0.9992299100181385]",nan,nan,nan,0.8514273581171397,0.3152393085495271
3.0702325,0.999247221147991,0.9985096896431139,0.0018664165159874846,"[0.0, 0.999247221147991]",nan,nan,nan,0.8518529727510068,0.31481369391565994
3.08023,0.9992641314668693,0.9985428825365205,0.0018247810452083069,"[0.0, 0.9992641314668693]",nan,nan,nan,0.8522761115619631,0.3143905551047036
3.0902274999999997,0.9992806508434521,0.9985753196354306,0.0017840962732783294,"[0.0, 0.9992806508434521]",nan,nan,nan,0.8526967963397859,0.31396987032688084
3.1002249999999996,0.9992967888819387,0.9986070190437537,0.0017443393202956348,"[0.0, 0.9992967888819387]",nan,nan,nan,0.853115048667564,0.3135516179991027
3.1102225,0.9993125549299179,0.9986379984001955,0.001705487898628899,"[0.0, 0.9993125549299179]",nan,nan,nan,0.8535308894823078,0.3131357771843589
3.1202199999999998,0.999327958085979,0.9986682748913205,0.001667520296109809,"[0.0, 0.999327958085979]",nan,nan,nan,0.8539443396479157,0.312722327018751
3.1302174999999997,0.9993430072073709,0.9986978652647989,0.0016304153590148973,"[0.0, 0.9993430072073709]",nan,nan,nan,0.8543554200483712,0.31231124661829557
3.1402149999999995,0.9993577109165837,0.9987267858406267,0.0015941524776093008,"[0.0, 0.9993577109165837]",nan,nan,nan,0.854764151118123,0.31190251554854376
3.1502125,0.9993720776089173,0.9987550525243675,0.0015587115691728104,"[0.0, 0.9993720776089173]",nan,nan,nan,0.8551705528629177,0.3114961138037491
3.1602099999999997,0.9993861154578005,0.9987826808160525,0.0015240730664891622,"[0.0, 0.9993861154578005]",nan,nan,nan,0.8555746453106259,0.31109202135604086
3.1702074999999996,0.9993998324200474,0.9988096858190278,0.0014902179064166243,"[0.0, 0.9993998324200474]",nan,nan,nan,0.8559764484108254,0.3106902182558413
3.1802049999999995,0.9994132362439878,0.9988360822545261,0.001457127511296924,"[0.0, 0.9994132362439878]",nan,nan,nan,0.8563759815259918,0.3102906851406749
3.1902025,0.9994263344760841,0.9988618844733316,0.001424783774024524,"[0.0, 0.9994263344760841]",nan,nan,nan,0.8567732638510841,0.30989340281558264
3.2001999999999997,0.9994391344670053,0.9988871064664482,0.0013931690443813871,"[0.0, 0.9994391344670053]",nan,nan,nan,0.8571683146150396,0.3094983520516271
3.2101974999999996,0.9994516433767964,0.9989117618740454,0.0013622661175446693,"[0.0, 0.9994516433767964]",nan,nan,nan,0.8575611527708843,0.30910551389578245
3.220195,0.9994638681806434,0.9989358639956377,0.0013320582210607779,"[0.0, 0.9994638681806434]",nan,nan,nan,0.8579517967755871,0.30871486989107966
3.2301925,0.9994758156740604,0.9989594257991817,0.0013025290031892511,"[0.0, 0.9994758156740604]",nan,nan,nan,0.8583402650704173,0.30832640159624947
3.2401899999999997,0.9994874924779067,0.998982459929891,0.0012736625216117903,"[0.0, 0.9994874924779067]",nan,nan,nan,0.8587265760850167,0.30794009058165006
3.2501874999999996,0.9994989050434616,0.9990049787192156,0.0012454432319463915,"[0.0, 0.9994989050434616]",nan,nan,nan,0.8591107477825045,0.3075559188841622
3.260185,0.9995100596571523,0.9990269941931882,0.0012178559770668895,"[0.0, 0.9995100596571523]",nan,nan,nan,0.859492797857433,0.3071738688092337
3.2701824999999998,0.9995209624449961,0.9990485180802506,0.0011908859770831115,"[0.0, 0.9995209624449961]",nan,nan,nan,0.8598727440337366,0.30679392263293015
3.2801799999999997,0.9995316193766626,0.9990695618183761,0.001164518820214011,"[0.0, 0.9995316193766626]",nan,nan,nan,0.8602506038959881,0.3064160627706787
3.2901774999999995,0.999542036269,0.9990901365611732,0.0011387404549455804,"[0.0, 0.999542036269]",nan,nan,nan,0.8606263945256032,0.30604027214106355
3.300175,0.9995522187911875,0.9991102531872381,0.0011135371781265946,"[0.0, 0.9995522187911875]",nan,nan,nan,0.86100013293223,0.30566653373443675
3.3101724999999997,0.9995621724702196,0.9991299223102053,0.0010888956222001034,"[0.0, 0.9995621724702196]",nan,nan,nan,0.8613718361427367,0.30529483052393
3.3201699999999996,0.9995719026934063,0.9991491542829424,0.0010648027497785206,"[0.0, 0.9995719026934063]",nan,nan,nan,0.8617415208554297,0.3049251458112371
3.3301674999999995,0.999581414713301,0.9991679592065726,0.001041245842179378,"[0.0, 0.999581414713301]",nan,nan,nan,0.8621092034197276,0.3045574632469391
3.340165,0.9995907136507115,0.9991863469357479,0.0010182124926654268,"[0.0, 0.9995907136507115]",nan,nan,nan,0.8624749001967322,0.3041917664699345
3.3501624999999997,0.9995998044986375,0.9992043270857784,0.0009956905973654562,"[0.0, 0.9995998044986375]",nan,nan,nan,0.8628386274950337,0.30382803917163304
3.3601599999999996,0.9996086921257104,0.9992219090388132,0.0009736683473916263,"[0.0, 0.9996086921257104]",nan,nan,nan,0.863200401174479,0.3034662654921877
3.3701575,0.9996173812795077,0.9992391019498011,0.0009521342212380768,"[0.0, 0.9996173812795077]",nan,nan,nan,0.8635602369504146,0.3031064297162521
3.380155,0.9996258765896717,0.9992559147520891,0.0009310769776395555,"[0.0, 0.9996258765896717]",nan,nan,nan,0.8639181505634488,0.30274851610321796
3.3901524999999997,0.9996341825714724,0.9992723561639288,0.0009104856472985368,"[0.0, 0.9996341825714724]",nan,nan,nan,0.864274157552231,0.3023925091144357
3.4001499999999996,0.9996423036277547,0.9992884346918101,0.0008903495285928764,"[0.0, 0.9996423036277547]",nan,nan,nan,0.8646282730626119,0.3020383936040548
3.4101475,0.9996502440521297,0.9993041586362775,0.0008706581801770086,"[0.0, 0.9996502440521297]",nan,nan,nan,0.864980512222078,0.3016861544445888
3.4201449999999998,0.999658008032686,0.9993195360988022,0.0008514014122684155,"[0.0, 0.999658008032686]",nan,nan,nan,0.8653308901510303,0.3013357765156365
3.4301424999999997,0.9996655996546274,0.999334574986548,0.0008325692805751239,"[0.0, 0.9996655996546274]",nan,nan,nan,0.865679421614495,0.3009872450521718
3.4401399999999995,0.9996730229034672,0.9993492830182632,0.0008141520788187973,"[0.0, 0.9996730229034672]",nan,nan,nan,0.8660261211585953,0.3006405455080714
3.4501375,0.999680281667208,0.9993636677281841,0.0007961403337526651,"[0.0, 0.999680281667208]",nan,nan,nan,0.8663710033501653,0.3002956633165015
3.4601349999999997,0.9996873797392022,0.9993777364713013,0.0007785247984759824,"[0.0, 0.9996873797392022]",nan,nan,nan,0.8667140826526396,0.29995258401402713
3.4701324999999996,0.9996943208203756,0.9993914964273872,0.0007612964473049932,"[0.0, 0.9996943208203756]",nan,nan,nan,0.8670553731361892,0.29961129353047755
3.4801299999999995,0.9997011085221832,0.9994049546064886,0.0007444464688123598,"[0.0, 0.9997011085221832]",nan,nan,nan,0.8673948888104744,0.2992717778561923
3.4901275,0.9997077463680422,0.999418117851419,0.0007279662626275829,"[0.0, 0.9997077463680422]",nan,nan,nan,0.8677326436950916,0.2989340229715751
3.5001249999999997,0.9997142377966669,0.9994309928440362,0.0007118474315011003,"[0.0, 0.9997142377966669]",nan,nan,nan,0.8680686515604349,0.29859801510623185
3.5101224999999996,0.9997205861635445,0.99944358610785,0.0006960817779674555,"[0.0, 0.9997205861635445]",nan,nan,nan,0.8684029258988276,0.2982637407678391
3.52012,0.9997267947426048,0.9994559040110265,0.000680661300513502,"[0.0, 0.9997267947426048]",nan,nan,nan,0.8687354802095163,0.29793118645715044
3.5301175,0.9997328667291765,0.9994679527719599,0.0006655781865368138,"[0.0, 0.9997328667291765]",nan,nan,nan,0.8690663279512245,0.2976003387154422
3.5401149999999997,0.9997388052413525,0.9994797384617004,0.0006508248092423341,"[0.0, 0.9997388052413525]",nan,nan,nan,0.869395482232525,0.2972711844341417
3.5501124999999996,0.9997446133227176,0.9994912670090966,0.0006363937211432691,"[0.0, 0.9997446133227176]",nan,nan,nan,0.8697229560456263,0.2969437106210404
3.56011,0.9997502939445698,0.9995025442049498,0.0006222776488032655,"[0.0, 0.9997502939445698]",nan,nan,nan,0.870048762401388,0.2966179042652788
3.5701074999999998,0.9997558500066319,0.999513575703178,0.0006084694913220112,"[0.0, 0.9997558500066319]",nan,nan,nan,0.870372914152684,0.2962937525139827
3.5801049999999996,0.9997612843402928,0.9995243670270169,0.0005949623125208747,"[0.0, 0.9997612843402928]",nan,nan,nan,0.8706954238435439,0.2959712428231228
3.5901024999999995,0.9997665997093744,0.9995349235703173,0.0005817493392668016,"[0.0, 0.9997665997093744]",nan,nan,nan,0.8710163040022111,0.29565036266445566
3.6001,0.9997717988121084,0.9995452506012528,0.0005688239567825659,"[0.0, 0.9997717988121084]",nan,nan,nan,0.8713355671501453,0.2953310995165215
3.6100974999999997,0.999776884282573,0.9995553532649685,0.0005561797052844597,"[0.0, 0.999776884282573]",nan,nan,nan,0.8716532255288236,0.2950134411378431
3.6200949999999996,0.9997818586934125,0.9995652365887839,0.000543810273425066,"[0.0, 0.9997818586934125]",nan,nan,nan,0.8719692912077532,0.2946973754589135
3.6300924999999995,0.9997867245555668,0.9995749054814664,0.0005317094991593996,"[0.0, 0.9997867245555668]",nan,nan,nan,0.8722837762717723,0.2943828903948944
3.64009,0.999791484320828,0.9995843647381291,0.000519871363573704,"[0.0, 0.999791484320828]",nan,nan,nan,0.8725966927218338,0.2940699739448329
3.6500874999999997,0.9997961403828551,0.9995936190420722,0.0005082899885404946,"[0.0, 0.9997961403828551]",nan,nan,nan,0.8729080522493797,0.293758614417287
3.6600849999999996,0.9998006950796794,0.9996026729695949,0.0004969596306592383,"[0.0, 0.9998006950796794]",nan,nan,nan,0.8732178664979179,0.29344880016874886
3.6700824999999995,0.9998051506942001,0.9996115309908228,0.00048587468018415625,"[0.0, 0.9998051506942001]",nan,nan,nan,0.8735261471196868,0.29314051954697995
3.68008,0.9998095094555669,0.9996201974723012,0.0004750296577435975,"[0.0, 0.9998095094555669]",nan,nan,nan,0.8738329055643086,0.29283376110235815
3.6900774999999997,0.9998137735415635,0.9996286766815878,0.0004644192085598853,"[0.0, 0.9998137735415635]",nan,nan,nan,0.8741381530653168,0.2925285136013499
3.7000749999999996,0.9998179450789921,0.9996369727878777,0.00045403810163480163,"[0.0, 0.9998179450789921]",nan,nan,nan,0.8744419008615444,0.29222476580512236
3.7100725,0.9998220261448121,0.9996450898641331,0.0004438812270537995,"[0.0, 0.9998220261448121]",nan,nan,nan,0.8747441601564898,0.2919225065101769
3.7200699999999998,0.9998260187683683,0.9996530318913853,0.0004339435905737765,"[0.0, 0.9998260187683683]",nan,nan,nan,0.8750449418749555,0.2916217247917112
3.7300674999999996,0.9998299249306609,0.9996608027571597,0.0004242203155651325,"[0.0, 0.9998299249306609]",nan,nan,nan,0.8753442568530259,0.2913224098136409
3.7400649999999995,0.9998337465692374,0.9996684062650872,0.00041470663095832805,"[0.0, 0.9998337465692374]",nan,nan,nan,0.875642115940476,0.2910245507261907
3.7500625,0.9998374855745573,0.9996758461275622,0.0004053978804052505,"[0.0, 0.9998374855745573]",nan,nan,nan,0.8759385298560176,0.29072813681064913
3.7600599999999997,0.9998411437940656,0.999683125973735,0.0003962895122532617,"[0.0, 0.9998411437940656]",nan,nan,nan,0.8762335090767794,0.2904331575898873
3.7700574999999996,0.9998447230320126,0.9996902493490506,0.00038737708009869976,"[0.0, 0.9998447230320126]",nan,nan,nan,0.8765270640687466,0.29013960259792015
3.7800549999999995,0.9998482250515944,0.9996972197194075,0.00037865623756050404,"[0.0, 0.9998482250515944]",nan,nan,nan,0.87681920528962,0.28984746137704676
3.7900525,0.9998516515750395,0.999704040471235,0.00037012273816180996,"[0.0, 0.9998516515750395]",nan,nan,nan,0.8771099429698883,0.28955672369677843
3.8000499999999997,0.9998550042861167,0.9997107149163931,0.00036177242917809216,"[0.0, 0.9998550042861167]",nan,nan,nan,0.8773992872091542,0.2892673794575126
3.8100474999999996,0.9998582848292928,0.9997172462904085,0.0003536012538246369,"[0.0, 0.9998582848292928]",nan,nan,nan,0.8776872481189213,0.28897941854774545
3.8200449999999995,0.999861494811544,0.9997236377559957,0.000345605246831554,"[0.0, 0.999861494811544]",nan,nan,nan,0.8779738357373651,0.28869283092930165
3.8300425,0.9998646358037665,0.9997298924057865,0.00033778053101085614,"[0.0, 0.9998646358037665]",nan,nan,nan,0.8782590598577279,0.28840760680893884
3.8400399999999997,0.9998677093400902,0.9997360132608831,0.0003301233190483033,"[0.0, 0.9998677093400902]",nan,nan,nan,0.8785429302388352,0.2881237364278315
3.8500374999999996,0.9998707169207761,0.9997420032765563,0.0003226299063585347,"[0.0, 0.9998707169207761]",nan,nan,nan,0.8788254566444231,0.2878412100222436
3.860035,0.9998736600113701,0.9997478653404881,0.00031529667326657407,"[0.0, 0.9998736600113701]",nan,nan,nan,0.8791066486691004,0.28756001799756636
3.8700324999999998,0.9998765400447289,0.9997536022767378,0.00030812008003108793,"[0.0, 0.9998765400447289]",nan,nan,nan,0.8793865157418229,0.2872801509248438
3.8800299999999996,0.999879358420499,0.9997592168446405,0.00030109666820724024,"[0.0, 0.999879358420499]",nan,nan,nan,0.8796650672966205,0.2870015993700462
3.8900274999999995,0.999882116506935,0.9997647117423648,0.00029422305618173605,"[0.0, 0.999882116506935]",nan,nan,nan,0.8799423127337834,0.2867243539328833
3.900025,0.9998848156418441,0.999770089608734,0.0002874959368804608,"[0.0, 0.9998848156418441]",nan,nan,nan,0.8802182612283278,0.28644840543833894
3.9100224999999997,0.9998874571326491,0.9997753530232961,0.00028091207766839377,"[0.0, 0.9998874571326491]",nan,nan,nan,0.8804929218910273,0.2861737447756394
3.9200199999999996,0.9998900422576297,0.9997805045087391,0.00027446831731506305,"[0.0, 0.9998900422576297]",nan,nan,nan,0.8807663038424716,0.2859003628241952
3.9300174999999995,0.9998925722667612,0.9997855465325118,0.00026816156395526036,"[0.0, 0.9998925722667612]",nan,nan,nan,0.881038416089283,0.2856282505773837
3.940015,0.9998950483815618,0.9997904815064672,0.00026198879552344345,"[0.0, 0.9998950483815618]",nan,nan,nan,0.8813092674504335,0.28535739921623327
3.9500124999999997,0.9998974717963495,0.9997953117893186,0.0002559470566700639,"[0.0, 0.9998974717963495]",nan,nan,nan,0.8815788667385507,0.28508779992811606
3.9600099999999996,0.9998998436797405,0.9998000396895801,0.0002500334550728789,"[0.0, 0.9998998436797405]",nan,nan,nan,0.8818472227556292,0.28481944391103753
3.9700074999999995,0.9999021651724727,0.9998046674611832,0.00024424516690976783,"[0.0, 0.9999021651724727]",nan,nan,nan,0.8821143441150002,0.2845523225516665
3.980005,0.9999044373932626,0.999809197315108,0.0002385794223002391,"[0.0, 0.9999044373932626]",nan,nan,nan,0.8823802393335674,0.2842864273330994
3.9900024999999997,0.9999066614332935,0.9998136314083559,0.00023303351908884884,"[0.0, 0.9999066614332935]",nan,nan,nan,0.8826449169377141,0.28402174972895267
4.0,0.9999088383603529,0.9998179718521568,0.00022760481257069753,"[0.0, 0.9999088383603529]",nan,nan,nan,0.8829083853860231,0.2837582812806436
